Fund Name,Provider,Risk Indicator,Periods,Avg Return %,Volatility (std),Return/Vol Ratio
GROWTH STRATEGY,1.10,,5,21.83,37.43,0.58
GROWTH STRATEGY,1.1,,4,6.07,30.83,0.2
LIFECYCLE - AGE 0-54,1.09,,7,20.7,30.32,0.68
AUSTRALIAN FINANCIALS FUND,0.58,,6,18.51,30.03,0.62
US SMALL CAP FUND,0.56,,6,20.04,22.98,0.87
AUSTRALIAN PROPERTY FUND,0.55,,5,1.28,22.55,0.06
AUSTRALIAN RESOURCES FUND,0.58,,6,17.9,22.37,0.8
AUSTRALIAN MID CAP FUND,0.58,,6,25.38,22.32,1.14
AUSTRALIAN PROPERTY FUND,0.58,,6,13.25,22.2,0.6
JUNO GROWTH FUND,0.47,,3,21.3,21.12,1.01
ARK DISRUPTIVE INNOVATION FUND,1.25,,3,-41.97,21.12,-1.99
NZ DIVIDEND FUND,0.55,,5,5.78,20.8,0.28
INTERNATIONAL PROPERTY FUND,1,,6,9.38,20.66,0.45
AUSTRALIAN RESOURCES FUND,0.55,,5,4.69,20.66,0.23
US EQUITIES FUND,0.53,,6,14.79,20.64,0.72
GLOBAL PROPERTY FUND,0.46,,5,3.86,20.27,0.19
AUSTRALIAN SHARES FUND,0.58,,6,17.09,19.69,0.87
LIFECYCLE - AGE 65,1.04,,7,13.03,19.66,0.66
AMP INTERNATIONAL SHARES FUND NO. 2,0.73,,4,9.31,19.49,0.48
MILFORD KIWISAVER AGGRESSIVE FUND,1.14,,5,14.36,19.4,0.74
INVESTNOW HARBOUR T. ROWE PRICE GLOBAL EQUITY FUND,1.1,,3,-5.89,19.26,-0.31
AUSTRALIAN RESOURCES ETF FUND,0.35,,5,24.26,19.14,1.27
NZ PROPERTY FUND,0.55,,5,14.76,18.8,0.79
GLOBAL PROPERTY FUND,0.57,,6,10.42,18.7,0.56
EMERGING MARKETS EQUITIES FUND,0.47,,5,7.31,18.46,0.4
AUSTRALIAN TOP 20 FUND,0.58,,6,14.44,18.4,0.78
INVESTNOW CLARITY GLOBAL SHARES FUND,0.66,,3,7.97,18.26,0.44
GEARED GROWTH FUND,1.47,,2,-7.33,18.0,-0.41
US LARGE VALUE FUND,0.56,,6,13.89,17.92,0.78
GROWTH FUND,0.3,,2,-2.39,17.86,-0.13
INFLATION STRATEGY,1.05,,9,7.17,17.78,0.4
AUSTRALIAN DIVIDEND FUND,0.58,,6,9.5,17.39,0.55
LIFECYCLE - AGE 75,1.03,,7,11.35,17.37,0.65
GLOBAL SHARES FUND,1.15,,4,7.92,17.35,0.46
SUSTAINABLE PLUS SHARES FUND,0.9,,4,6.0,17.17,0.35
OVERSEAS SHARES (CURRENCY HEDGED) FUND,0.57,,6,17.48,17.04,1.03
EMERGING MARKETS,AMP WEALTH MANAGEMENT NEW ZEALAND LIMITED,5,2,21.0,16.81,1.25
REST OF WORLD EQUITIES FUND,0.51,,5,8.48,16.8,0.5
GLOBAL EQUITIES FUND,1,,4,6.54,16.67,0.39
SUPERLIFE GROWTH FUND,0.60,,3,11.09,16.55,0.67
AUSTRALIAN DIVIDEND FUND,0.55,,5,-0.55,16.3,-0.03
NZ DIVIDEND FUND,0.58,,6,8.94,16.21,0.55
NZ MID CAP FUND,0.55,,5,7.84,16.17,0.48
SUSTAINABLE PLUS HIGH GROWTH FUND,0.82,,4,7.37,15.9,0.46
LIFESTAGES HIGH GROWTH FUND,0.80,,4,9.38,15.89,0.59
LIFESTAGES AUTO OPTION AGE 0 - 34,0.80,,4,9.38,15.89,0.59
NEW ZEALAND EQUITIES FUND,0.63,,6,8.01,15.75,0.51
LIFESTAGES HIGH GROWTH FUND,0.8,,4,5.04,15.74,0.32
PATHFINDER KIWISAVER GROWTH FUND,1.25,,4,7.53,15.66,0.48
US MID CAP FUND,0.56,,6,19.73,15.65,1.26
NZ TOP 50 FUND,0.58,,6,12.22,15.59,0.78
SOCIALLY RESPONSIBLE HIGH GROWTH FUND,1.17,,4,5.47,15.53,0.35
NZ MID CAP FUND,0.58,,6,11.84,15.48,0.76
LIFESTAGES HIGH GROWTH FUND,0.78,,3,6.84,15.47,0.44
LIFESTAGES AUTO OPTION AGE 0 - 34,0.78,,3,6.84,15.47,0.44
SUPERLIFE AGE STEPS - AGE 50,0.60,,3,11.19,15.4,0.73
AUSTRALIAN SHARES FUND,0.55,,5,0.44,15.29,0.03
NZ SHARES FUND,0.58,,6,10.78,15.18,0.71
QUAYSTREET NEW ZEALAND EQUITY FUND,1.09,,2,20.55,15.11,1.36
NZ SHARES FUND,0.55,,5,8.01,15.04,0.53
QUAYSTREET INTERNATIONAL EQUITY FUND,1.05,,2,-1.23,14.91,-0.08
SUMMER AUSTRALIAN EQUITIES,0.90,,12,4.33,14.86,0.29
SUPERLIFE HIGH GROWTH FUND,0.62,,6,14.5,14.85,0.98
US SMALL CAP FUND,0.48,,5,4.01,14.84,0.27
GROWTH,1,,2,-5.12,14.8,-0.35
CPP FUND NO. 4,0.62,,4,16.48,14.74,1.12
CPP FUND NO. 5,0.62,,4,16.52,14.74,1.12
POSITIVE IMPACT FUND,1,,4,1.81,14.7,0.12
NZ TOP 50 FUND,0.55,,5,10.98,14.68,0.75
AGGRESSIVE FUND,1,,4,5.74,14.62,0.39
CPP FUND NO. 4,0.64,,3,8.57,14.59,0.59
BALANCED FUND,0.3,,2,-2.75,14.53,-0.19
US LARGE GROWTH ETF FUND,0.35,,5,13.98,14.36,0.97
GEARED GROWTH FUND,1.55,,3,30.33,14.29,2.12
SUPERLIFE AGE STEPS - AGE 20,0.62,,6,13.92,14.17,0.98
QUAYSTREET AUSTRALIAN EQUITY FUND,1.10,,2,22.91,14.16,1.62
INTERNATIONAL SHARE FUND,1,,6,8.38,14.14,0.59
AUSTRALIAN MID CAP FUND,0.55,,5,-0.38,14.1,-0.03
AMP AUSTRALASIAN SHARES FUND,1.04,,4,10.95,14.03,0.78
GLIDEPATH AGE 40,1,,4,5.32,13.97,0.38
AUSTRALIAN FINANCIALS FUND,0.55,,5,-6.16,13.89,-0.44
AMP AGGRESSIVE FUND,1.14,,4,7.88,13.88,0.57
AMP AGGRESSIVE FUND (LIFESTEPS),1.14,,4,7.88,13.88,0.57
AUSTRALIAN MID CAP ETF FUND,0.35,,4,6.86,13.81,0.5
QUAYSTREET ALTUM FUND,1.13,,4,9.71,13.79,0.7
MILFORD ACTIVE GROWTH WHOLESALE FUND,1.03,,4,13.15,13.75,0.96
ASB GROWTH FUND,1.04,,5,4.06,13.73,0.3
SUPERLIFE HIGH GROWTH,0.50,,4,5.98,13.64,0.44
EMERGING MARKETS FUND,0.72,,6,8.1,13.62,0.59
SUSTAINABLE PLUS GROWTH FUND,0.77,,4,5.84,13.51,0.43
EUROPE FUND,0.58,,6,10.26,13.5,0.76
GROWTH STRATEGY,1.3,,2,6.18,13.49,0.46
AUSTRALASIAN PROPERTY FUND,1.00,,12,11.29,13.44,0.84
QUAYSTREET GROWTH FUND,1.23,,3,5.31,13.42,0.4
HIGH GROWTH FUND,1.25,,2,-4.91,13.39,-0.37
OVERSEAS SHARES (CURRENCY HEDGED) FUND,0.47,,5,1.99,13.37,0.15
US SMALL ETF FUND,0.35,,5,12.49,13.3,0.94
AUSTRALIAN TOP 20 FUND,0.55,,5,2.19,13.2,0.17
INVESTNOW FOUNDATION SERIES GROWTH FUND,0.35,,3,2.29,13.13,0.17
INVESTNOW RUSSELL INVESTMENTS GLOBAL SHARES FUND,0.8,,2,13.61,13.08,1.04
ANZ GROWTH FUND,1.19,,4,9.88,13.08,0.76
SUMMER LISTED PROPERTY,0.9,,5,0.77,13.03,0.06
AMP PROPERTY FUND,1.02,,7,8.63,12.98,0.66
OPTION FUND,1.17,,8,-11.26,12.98,-0.87
JUNO BALANCED FUND,0.43,,3,12.24,12.89,0.95
MILFORD KIWISAVER ACTIVE GROWTH FUND,1.04,,9,9.92,12.87,0.77
QUAYSTREET ALTUM FUND,1.12,,4,8.22,12.85,0.64
BALANCED,AMP WEALTH MANAGEMENT NEW ZEALAND LIMITED,4,2,8.51,12.81,0.66
OVERSEAS SHARES FUND,0.57,,6,15.1,12.79,1.18
AMPCI GLOBAL SHARES INDEX HEDGED,AMP WEALTH MANAGEMENT NEW ZEALAND LIMITED,6,2,35.3,12.71,2.78
BALANCED,0.96,,5,6.72,12.68,0.53
US MID CAP FUND,0.48,,5,8.73,12.66,0.69
STEPPING STONES 0-35,1,,5,5.28,12.6,0.42
GEARED GROWTH FUND,1.59,,3,16.98,12.59,1.35
SUMMER LISTED PROPERTY,0.90,,12,9.99,12.57,0.79
AMP PROPERTY FUND,1.03,,8,1.96,12.5,0.16
NIKKO AM GROWTH FUND,1.19,,4,14.2,12.45,1.14
AUSTRALASIAN PROPERTY FUND,1,,6,0.9,12.42,0.07
SUMMER NEW ZEALAND EQUITIES,0.9,,5,5.0,12.41,0.4
FOCUSED GROWTH FUND,1,,6,4.4,12.4,0.35
GEARED GROWTH FUND,1.50,,3,6.81,12.35,0.55
GROWTH FUND,1.2,,4,4.25,12.33,0.34
EQUITY FUND,1.09,,11,13.14,12.28,1.07
GLIDEPATH AGE 25,1.09,,11,13.14,12.28,1.07
LIFESTAGES AUTO OPTION AGE 35 - 44,0.74,,3,6.06,12.23,0.5
MERCER SHARES FUND,0.90,,12,9.99,12.2,0.82
INTERNATIONAL PROPERTY FUND,1.00,,12,1.91,12.19,0.16
SUPERLIFE AGE STEPS - AGE 20,0.50,,5,3.95,12.18,0.32
STEPPING STONES GROWTH 0-50,1,,4,2.9,12.07,0.24
RUSSELL LIFEPOINTS® GROWTH FUND,1.08,,4,10.4,12.07,0.86
EQUITY FUND,1.07,,3,14.24,12.06,1.18
GLIDEPATH AGE 25,1.07,,3,14.24,12.06,1.18
AMP INTERNATIONAL SHARES FUND,1.03,,11,11.17,12.05,0.93
SHARES FUND,0.90,,12,9.62,12.05,0.8
SHIELDED GROWTH FUND,1.27,,9,7.77,12.0,0.65
ASSET CLASS GROWTH FUND,1.26,,2,-5.29,11.93,-0.44
QUAYSTREET ALTUM FUND,1.04,,2,11.27,11.84,0.95
US LARGE VALUE FUND,0.48,,5,7.26,11.8,0.62
RUSSELL LIFEPOINTS® GROWTH FUND,1.10,,3,7.03,11.71,0.6
AMP PASSIVE INTERNATIONAL SHARES FUND,0.73,,8,9.53,11.7,0.81
SUPERLIFE AGE STEPS - AGE 40,0.49,,4,3.15,11.68,0.27
AMP INTERNATIONAL SHARES FUND,1.02,,7,6.39,11.65,0.55
AMANAH GROWTH FUND,1.62,,10,10.64,11.64,0.91
QUAYSTREET ALTUM FUND,1.14,,2,-2.23,11.6,-0.19
TRANS-TASMAN SHARE FUND,1.17,,6,7.82,11.56,0.68
SUPERLIFE AGE STEPS - AGE 30,0.61,,6,11.65,11.55,1.01
SUPERLIFE AGE STEPS - AGE 40,0.61,,6,11.65,11.55,1.01
US MID CAP ETF FUND,0.35,,5,9.33,11.46,0.81
AUSTRALASIAN SHARE FUND,1,,6,3.4,11.43,0.3
US 500 ETF FUND,0.35,,5,12.09,11.34,1.07
ASIA PACIFIC FUND,0.58,,6,7.62,11.32,0.67
GLIDEPATH AGE 50,0.94,,7,5.51,11.32,0.49
US 500 FUND,0.53,,6,20.43,11.31,1.81
SUSTAINABLE INTERNATIONAL SHARE FUND,1.2,,2,7.5,11.31,0.66
OVERSEAS SHARES FUND,0.35,,4,8.81,11.24,0.78
PATHFINDER KIWISAVER BALANCED FUND,1.1,,4,5.46,11.23,0.49
SUPERLIFE GROWTH,0.49,,4,5.64,11.21,0.5
GROWTH FUND,0.97,,12,8.76,11.13,0.79
AMP PASSIVE INTERNATIONAL SHARES FUND,0.72,,7,8.26,11.1,0.74
GLIDEPATH AGE 55,0.87,,4,2.5,11.06,0.23
EUROPE FUND,0.45,,5,2.52,11.04,0.23
NZ TOP 10 FUND,0.58,,6,7.1,11.03,0.64
SUPERLIFE AGE STEPS - AGE 50,0.49,,4,3.2,11.02,0.29
BALANCED FUND,0.86,,4,2.19,11.0,0.2
GLIDEPATH AGE 30,0.95,,9,5.71,11.0,0.52
ASIA PACIFIC ETF FUND,0.35,,5,6.19,11.0,0.56
AMPCI NZ SHARES INDEX,AMP WEALTH MANAGEMENT NEW ZEALAND LIMITED,5,2,19.13,10.95,1.75
STEPPING STONES GROWTH 0-50,1.00,,4,9.69,10.95,0.88
RUSSELL LIFEPOINTS® TARGET DATE 2055 FUND,1.09,,7,10.66,10.93,0.98
MILFORD ACTIVE GROWTH WHOLESALE FUND,1.02,,3,7.65,10.93,0.7
INTERNATIONAL SHARE FUND,1.00,,12,11.8,10.91,1.08
AMP ETHICAL BALANCED FUND,1.09,,4,6.34,10.91,0.58
RUSSELL LIFEPOINTS® TARGET DATE 2045 FUND,1.09,,3,6.89,10.9,0.63
AMPCI NZ SHARES,AMP WEALTH MANAGEMENT NEW ZEALAND LIMITED,5,2,22.88,10.85,2.11
NZ PROPERTY FUND,0.58,,6,6.7,10.81,0.62
NIKKO AM BALANCED FUND,1.08,,8,4.89,10.76,0.45
GLOBAL SHARES FUND,1.17,,8,17.24,10.76,1.6
QUAYSTREET AUSTRALIAN EQUITY FUND,1.12,,4,4.66,10.73,0.43
GROWTH FUND,1,,29,5.92,10.69,0.55
SOCIALLY RESPONSIBLE BALANCED FUND,1.17,,4,2.21,10.69,0.21
TOTAL WORLD FUND,0.57,,4,20.7,10.63,1.95
GROWTH FUND,0.96,,4,13.69,10.6,1.29
GLIDEPATH AGE 30,0.96,,4,13.69,10.6,1.29
BALANCED FUND,0.72,,9,5.74,10.59,0.54
GROWTH,1.04,,3,5.97,10.55,0.57
TOTAL WORLD (NZD HEDGED) FUND,0.57,,3,17.92,10.54,1.7
CPP FUND NO. 3,0.64,,7,8.07,10.48,0.77
CPP FUND NO. 5,0.64,,7,8.09,10.48,0.77
AMP AUSTRALASIAN SHARES FUND,1.02,,7,9.9,10.48,0.94
STEPPING STONES 36-45,1,,4,2.15,10.45,0.21
STEPPING STONES GROWTH 51-55,1,,4,2.15,10.45,0.21
SOCIALLY RESPONSIBLE INVESTMENT HIGH GROWTH FUND,1.17,,5,14.55,10.38,1.4
CPP FUND NO. 5,0.54,,3,9.31,10.32,0.9
US LARGE GROWTH FUND,0.48,,5,20.44,10.3,1.98
SUSTAINABLE PLUS BALANCED FUND,0.68,,4,3.65,10.29,0.35
SUPERLIFE AGE STEPS - AGE 30,0.49,,5,3.97,10.28,0.39
GLIDEPATH AGE 40,1.02,,7,11.42,10.27,1.11
ASSET CLASS GROWTH FUND,1.28,,3,25.6,10.2,2.51
EMERGING MARKETS FUND,0.35,,4,3.22,10.2,0.32
EUROPE ETF FUND,0.35,,5,1.93,10.2,0.19
SUSTAINABLE INTERNATIONAL SHARE FUND,1.20,,5,9.12,10.18,0.9
SUMMER GLOBAL EQUITIES,0.90,,12,11.96,10.14,1.18
GROWTH FUND,0.28,,4,12.54,10.13,1.24
TOTAL WORLD ETF FUND,0.35,,5,8.0,10.12,0.79
ASSET CLASS BALANCED FUND,1.2,,2,-6.41,10.1,-0.63
OVERSEAS SHARES FUND,0.47,,5,6.97,10.01,0.7
US LARGE VALUE ETF FUND,0.35,,5,10.5,10.0,1.05
POSITIVE IMPACT FUND,1.00,,3,13.61,9.99,1.36
SHARES FUND,0.89,,3,11.9,9.92,1.2
AUSTRALIAN SHARES FUND,0.35,,4,2.16,9.9,0.22
INVESTNOW ALL COUNTRY GLOBAL SHARES INDEX FUND,0.3,,2,13.58,9.89,1.37
BALANCED FUND,0.96,,2,-5.54,9.88,-0.56
ASSET CLASS GROWTH FUND,1.29,,7,0.53,9.87,0.05
HIGH GROWTH FUND,1.26,,10,12.0,9.85,1.22
GROWTH FUND,0.99,,10,6.95,9.81,0.71
CORE EQUITY FUND,0.97,,8,11.79,9.81,1.2
BALANCED FUND,0.67,,4,2.69,9.78,0.28
SHIELDED GROWTH FUND,1.25,,2,12.73,9.78,1.3
CONSERVATIVE FUND,0.3,,2,-2.75,9.74,-0.28
FOCUSED GROWTH FUND,1.00,,11,12.42,9.71,1.28
EMERGING MARKETS FUND,0.55,,5,1.69,9.66,0.17
GROWTH FUND,0.67,,9,9.16,9.64,0.95
AMP GROWTH FUND,1.04,,7,8.5,9.6,0.89
AMP GROWTH FUND (LIFESTEPS),1.04,,7,8.5,9.6,0.89
TOTAL WORLD FUND,0.46,,5,7.68,9.58,0.8
INVESTNOW RUSSELL INVESTMENTS HEDGED GLOBAL SHARES FUND,0.8,,2,12.04,9.57,1.26
AUSTRALIAN DIVIDEND ETF FUND,0.35,,5,-2.82,9.57,-0.29
ANZ GROWTH FUND,1.17,,7,6.45,9.53,0.68
INVESTNOW FOUNDATION SERIES BALANCED FUND,0.37,,2,-4.17,9.52,-0.44
RUSSELL LIFEPOINTS® TARGET DATE 2055 FUND,1.12,,7,6.81,9.5,0.72
INVESTNOW MINT DIVERSIFIED GROWTH FUND,0.96,,2,11.2,9.49,1.18
AUSTRALIAN TOP 20 ETF FUND,0.35,,5,3.17,9.46,0.34
RUSSELL LIFEPOINTS® BALANCED FUND,1.04,,3,6.36,9.45,0.67
INVESTNOW AMP CAPITAL GLOBAL PROPERTY SECURITIES FUND,1.27,,2,22.73,9.44,2.41
US 500 FUND,0.46,,5,13.8,9.41,1.47
GROWTH,1.03,,4,7.16,9.39,0.76
OVERSEAS SHARES (CURRENCY HEDGED) FUND,0.35,,4,4.07,9.36,0.43
GROWTH FUND,1.00,,50,8.75,9.36,0.93
GLIDEPATH AGE 50,0.95,,4,12.48,9.36,1.33
AUSTRALIAN FINANCIALS ETF FUND,0.35,,5,-3.88,9.35,-0.41
NIKKO AM GROWTH FUND,1.17,,7,6.59,9.34,0.71
NZ TOP 10 FUND,0.55,,5,18.29,9.33,1.96
SUMMER NEW ZEALAND EQUITIES,0.90,,12,13.76,9.31,1.48
STEPPING STONES 36-45,1.00,,5,11.3,9.31,1.21
HIGH GROWTH FUND,0.82,,14,8.17,9.3,0.88
LIFESTAGES AUTO OPTION AGE 35 - 44,0.75,,7,8.42,9.29,0.91
NIKKO BALANCED FUND,1.22,,3,5.27,9.22,0.57
QUAYSTREET AUSTRALIAN EQUITY FUND,1.07,,2,9.93,9.21,1.08
ANZ BALANCED FUND,0.90,,4,8.49,9.2,0.92
LIFESTAGES AUTO OPTION AGE 45 - 54,0.69,,3,5.27,9.19,0.57
SUMMER AUSTRALIAN EQUITIES,0.9,,5,12.95,9.16,1.41
ANZ BALANCED FUND,1.27,,3,5.93,9.15,0.65
INTERNATIONAL SHARE FUND,1.32,,6,8.7,9.15,0.95
SUMMER GROWTH SELECTION,0.88,,4,10.09,9.12,1.11
QUAYSTREET NEW ZEALAND EQUITY FUND,1.15,,6,4.78,9.12,0.52
SUSTAINABLE INTERNATIONAL SHARE FUND,1.15,,10,21.95,9.09,2.41
JUNO GROWTH FUND,0.35,,4,18.62,9.07,2.05
SUMMER GLOBAL EQUITIES,0.9,,4,6.66,9.06,0.74
ETHICA FUND,0.69,,6,11.7,9.06,1.29
SOCIALLY RESPONSIBLE INVESTMENT GROWTH FUND,1.17,,3,13.68,9.06,1.51
NIKKO BALANCED FUND,1.20,,4,10.46,9.05,1.16
AMP AGGRESSIVE FUND,1.12,,9,7.75,9.0,0.86
AMP AGGRESSIVE FUND (LIFESTEPS),1.12,,9,7.75,9.0,0.86
CORE EQUITY FUND,0.95,,2,7.62,8.99,0.85
STEPPING STONES 0-35,1.00,,11,11.75,8.97,1.31
ETHICA,0.37,,4,7.01,8.97,0.78
STEPPING STONES GROWTH 51-55,1.00,,4,9.0,8.96,1.0
GROWTH FUND,0.70,,12,7.87,8.94,0.88
EMERGING MARKETS ETF FUND,0.35,,5,3.74,8.93,0.42
GROWTH FUND,0.95,,17,7.48,8.91,0.84
MILFORD KIWISAVER BALANCED FUND,1.04,,9,7.51,8.91,0.84
LIFESTAGES GROWTH PORTFOLIO,0.90,,4,6.82,8.84,0.77
BALANCED FUND,0.93,,3,-0.83,8.77,-0.09
ASB GROWTH FUND,1.02,,7,6.43,8.7,0.74
S&P/NZX 50 FUND,0.58,,3,2.17,8.67,0.25
QUAYSTREET INTERNATIONAL EQUITY FUND,1.15,,5,9.88,8.65,1.14
SUPERLIFE BALANCED,0.48,,4,5.41,8.64,0.63
GEARED GROWTH FUND,1.57,,4,4.58,8.62,0.53
RUSSELL LIFEPOINTS® TARGET DATE 2045 FUND,1.06,,8,9.98,8.59,1.16
LIFESTAGES AUTO OPTION AGE 45 - 54,0.71,,4,6.25,8.54,0.73
GROWTH FUND,0.7,,8,5.16,8.49,0.61
SUPERLIFE BALANCED FUND,0.59,,6,9.21,8.47,1.09
GROWTH STRATEGY,1.30,,7,6.62,8.46,0.78
MERCER HIGH GROWTH FUND,0.82,,18,7.87,8.45,0.93
QUAYSTREET BALANCED FUND,0.97,,5,6.96,8.45,0.82
AUSTRALASIAN SHARE FUND,1.00,,12,14.78,8.44,1.75
QUAYSTREET INTERNATIONAL EQUITY FUND,1.16,,3,9.8,8.4,1.17
RUSSELL LIFEPOINTS® TARGET DATE 2035 FUND,1.03,,3,6.1,8.39,0.73
RUSSELL LIFEPOINTS® BALANCED FUND,1.01,,5,10.15,8.36,1.21
QUAYSTREET NEW ZEALAND EQUITY FUND,1.13,,6,16.49,8.24,2.0
BALANCED GROWTH FUND,0.95,,54,6.53,8.22,0.79
SUMMER BALANCED SELECTION,0.90,,3,6.88,8.18,0.84
MERCER BALANCED FUND,1.13,,8,4.79,8.15,0.59
AMP AGGRESSIVE FUND,1.13,,3,10.9,8.14,1.34
AMP AGGRESSIVE FUND (LIFESTEPS),1.13,,3,10.9,8.14,1.34
STEPPING STONES 46-55,1,,4,1.55,8.11,0.19
STEPPING STONES GROWTH 56-60,1,,4,1.55,8.11,0.19
SUPERLIFE AGE STEPS - AGE 60,0.59,,6,8.4,8.11,1.04
HIGH GROWTH FUND,0.81,,3,12.19,8.1,1.5
INVESTNOW CASTLE POINT TRANS-TASMAN FUND,1.07,,3,-6.43,8.04,-0.8
QUAYSTREET AUSTRALIAN EQUITY FUND,1.13,,5,5.5,8.03,0.68
INTERNATIONAL SHARE FUND,1.19,,7,7.97,8.01,1.0
BNZ KIWISAVER GROWTH FUND,0.63,,4,11.32,8.0,1.42
RUSSELL LIFEPOINTS® TARGET DATE 2035 FUND,0.99,,4,8.58,7.97,1.08
AMP GROWTH FUND,1.03,,9,7.18,7.95,0.9
AMP GROWTH FUND (LIFESTEPS),1.03,,9,7.18,7.95,0.9
ASSET CLASS CONSERVATIVE FUND,1.12,,2,-6.92,7.91,-0.87
SUPERLIFE 100,0.37,,4,4.65,7.89,0.59
GROWTH FUND,0.30,,8,8.01,7.88,1.02
SRI EQUITY FUND,0.95,,2,-5.74,7.88,-0.73
RUSSELL LIFEPOINTS® GROWTH FUND,1.07,,3,8.93,7.87,1.13
US LARGE GROWTH FUND,0.56,,6,27.18,7.85,3.46
ANZ BALANCED GROWTH FUND,1.08,,7,9.36,7.81,1.2
LIFESTAGES AUTO OPTION AGE 0 - 34,0.8,,3,12.24,7.78,1.57
LIFECYCLE PROCESS - AGE 0-54,1.27,,6,5.13,7.78,0.66
BALANCED STRATEGY,0.91,,10,5.09,7.76,0.66
GROWTH,1.01,,3,22.05,7.75,2.85
AMP INCOME GENERATOR FUND,0.99,,4,4.91,7.72,0.64
QUAYSTREET AUSTRALIAN EQUITY FUND,1.1,,2,21.78,7.65,2.85
CPP FUND NO. 2,0.64,,5,7.51,7.64,0.98
SELECT GROWTH,AMP WEALTH MANAGEMENT NEW ZEALAND LIMITED,5,2,22.83,7.59,3.01
SUPERLIFE GROWTH FUND,0.6,,3,11.81,7.59,1.56
SUPERLIFE AGE STEPS - AGE 20,0.37,,4,4.54,7.58,0.6
GROWTH FUND,0.77,,14,6.95,7.56,0.92
BALANCED FUND,1.16,,12,6.12,7.53,0.81
ASIA PACIFIC FUND,0.45,,5,1.57,7.53,0.21
MILFORD ACTIVE GROWTH WHOLESALE FUND,1.98,,3,15.73,7.51,2.09
BALANCED FUND,0.9,,18,3.44,7.51,0.46
AMP AUSTRALASIAN SHARES FUND,1.03,,7,5.83,7.5,0.78
SUPERLIFE AGE STEPS - AGE 60,0.48,,5,3.69,7.5,0.49
ANZ GROWTH FUND,1.18,,7,8.53,7.49,1.14
CPP FUND NO. 4,0.65,,8,9.53,7.47,1.28
MODERATE FUND,0.88,,2,-5.31,7.46,-0.71
GROWTH FUND,0.6,,3,7.86,7.44,1.06
ASB BALANCED FUND,0.98,,12,4.46,7.4,0.6
BNZ KIWISAVER GROWTH FUND,1.10,,6,6.48,7.35,0.88
QUAYSTREET SOCIALLY RESPONSIBLE INVESTMENT FUND,1.10,,2,2.67,7.35,0.36
NIKKO AM GROWTH FUND,1.18,,7,6.77,7.34,0.92
SOCIALLY RESPONSIBLE MODERATE FUND,1.07,,3,-1.77,7.34,-0.24
QUAYSTREET GROWTH FUND,1.14,,4,6.99,7.33,0.95
AUSTRALIAN PROPERTY ETF FUND,0.35,,5,5.56,7.31,0.76
AMP BALANCED FUND NO. 2,1.08,,3,8.11,7.3,1.11
GROWTH,1.02,,7,7.11,7.26,0.98
GLIDEPATH AGE 60,0.89,,9,3.77,7.24,0.52
ASSET CLASS GROWTH FUND,1.17,,7,7.25,7.24,1.0
MILFORD ACTIVE GROWTH WHOLESALE FUND,1.61,,4,9.45,7.22,1.31
SUPERLIFE AGE STEPS - AGE 50,0.6,,3,10.72,7.21,1.49
STEPPING STONES 46-55,1.00,,5,9.35,7.21,1.3
LIFESTAGES HIGH GROWTH FUND,0.85,,7,7.82,7.16,1.09
LIFESTAGES AUTO OPTION AGE 0 - 34,0.85,,7,7.82,7.16,1.09
OPTIONS FUND,1.03,,2,4.53,7.16,0.63
AMP GLOBAL MULTI-ASSET FUND,1.44,,4,3.0,7.15,0.42
MERCER GROWTH FUND,0.77,,17,6.71,7.1,0.95
JUNO GROWTH FUND,0.62,,2,-20.64,7.06,-2.92
ANZ BALANCED GROWTH FUND,1.07,,9,6.64,7.05,0.94
SUSTAINABLE PLUS MODERATE FUND,0.59,,4,1.72,7.03,0.24
SUMMER BALANCED SELECTION,0.86,,4,0.13,7.01,0.02
AMP GROWTH FUND,1.0,,2,3.49,6.97,0.5
NZ MID CAP ETF FUND,0.35,,5,11.69,6.91,1.69
QUAYSTREET SOCIALLY RESPONSIBLE INVESTMENT FUND,0.87,,2,-3.5,6.9,-0.51
INVESTNOW AMP CAPITAL ETHICAL LEADERS BALANCED FUND,1.07,,2,7.64,6.89,1.11
TRANS-TASMAN SHARE FUND,1.04,,7,11.76,6.82,1.72
STEPPING STONES GROWTH 56-60,1.00,,4,7.5,6.82,1.1
AMP BALANCED FUND,1.03,,7,6.22,6.8,0.91
AMP BALANCED FUND (LIFESTEPS),1.03,,7,6.22,6.8,0.91
ASSET CLASS BALANCED FUND,1.21,,3,16.37,6.79,2.41
RUSSELL LIFEPOINTS® GROWTH FUND,1.11,,4,5.94,6.78,0.88
JUNO BALANCED FUND,0.34,,4,11.88,6.78,1.75
RUSSELL LIFEPOINTS® TARGET DATE 2045 FUND,1.10,,3,4.06,6.78,0.6
AMP RESPONSIBLE INVESTMENT BALANCED FUND,1.07,,7,4.84,6.77,0.71
BALANCED STRATEGY,0.92,,4,9.81,6.75,1.45
NIKKO AM BALANCED FUND,1.07,,9,7.01,6.72,1.04
GROWTH FUND,0.64,,4,6.95,6.69,1.04
SOCIALLY RESPONSIBLE INVESTMENT GROWTH FUND,1.04,,7,8.73,6.64,1.31
GROWTH FUND,0.76,,3,10.03,6.63,1.51
CPP FUND NO. 3,0.65,,4,11.37,6.63,1.71
CPP FUND NO. 5,0.65,,4,11.37,6.62,1.72
CPP FUND NO. 1,0.65,,4,11.38,6.61,1.72
ASSET CLASS BALANCED FUND,1.22,,7,1.73,6.6,0.26
CPP FUND NO. 2,0.65,,4,11.37,6.6,1.72
GLIDEPATH AGE 40,1.03,,4,7.71,6.59,1.17
LIFECYCLE PROCESS - AGE 65,1.16,,4,4.39,6.58,0.67
RUSSELL LIFEPOINTS® MODERATE FUND,0.97,,3,5.51,6.57,0.84
BALANCED FUND,0.65,,20,5.48,6.55,0.84
RUSSELL LIFEPOINTS® BALANCED FUND,1.02,,3,6.63,6.53,1.02
BNZ KIWISAVER GROWTH FUND,0.58,,3,8.46,6.48,1.31
MILFORD ACTIVE GROWTH WHOLESALE FUND,0.74,,2,9.95,6.47,1.54
ASB GROWTH FUND,1.03,,7,7.22,6.41,1.13
ASB BALANCED FUND,0.97,,7,5.56,6.41,0.87
MILFORD KIWISAVER ACTIVE GROWTH FUND,1.03,,7,10.89,6.41,1.7
AMP INCOME GENERATOR FUND,0.97,,7,4.94,6.4,0.77
BALANCED,1.04,,3,4.64,6.38,0.73
BALANCED FUND,0.62,,11,8.26,6.37,1.3
SUPERLIFE 80,0.37,,4,4.15,6.36,0.65
STEPPING STONES 56-60,1,,5,2.6,6.34,0.41
SUPERLIFE AGE STEPS - AGE 30,0.37,,4,4.1,6.33,0.65
SUPERLIFE AGE STEPS - AGE 40,0.37,,4,4.1,6.33,0.65
GUARANTEED INCOME FUND,0.30,,5,4.55,6.32,0.72
HIGH GROWTH FUND,1.14,,7,8.2,6.29,1.3
CASTLE POINT 5 OCEANS FUND,1.43,,4,3.87,6.27,0.62
QUAYSTREET NEW ZEALAND EQUITY FUND,1.12,,4,13.29,6.23,2.13
BALANCED GROWTH FUND,1.21,,7,7.66,6.23,1.23
LIFESTAGES AUTO OPTION AGE 55 - 64,0.64,,3,4.48,6.23,0.72
AMANAH GROWTH FUND,1.39,,7,12.33,6.17,2.0
GROWTH FUND,0.29,,3,9.97,6.13,1.63
INFLATION STRATEGY,1.15,,9,5.96,6.11,0.98
SUMMER BALANCED SELECTION,0.87,,4,7.92,6.11,1.3
S&P/ASX 200 FUND,0.58,,3,16.61,6.1,2.72
NIKKO BALANCED FUND,1.57,,4,6.41,6.03,1.06
CARESAVER GROWTH FUND,1.25,,2,18.33,6.02,3.04
GLIDEPATH AGE 55,0.88,,11,7.89,6.0,1.31
MERCER SHARES FUND,0.9,,5,7.24,5.99,1.21
AMP AGGRESSIVE FUND,1.08,,3,4.73,5.96,0.79
NIKKO BALANCED FUND,1.41,,3,4.07,5.94,0.69
BALANCED FUND,0.7,,3,4.5,5.94,0.76
SUPERLIFE AGE STEPS - AGE 50,0.37,,4,3.96,5.94,0.67
GLIDEPATH AGE 50,0.93,,2,4.21,5.94,0.71
QUAYSTREET AUSTRALIAN EQUITY FUND,1.14,,4,-8.05,5.93,-1.36
GLIDEPATH AGE 75,0.86,,7,2.36,5.89,0.4
AMP BALANCED FUND,1.02,,9,5.9,5.87,1.01
AMP BALANCED FUND (LIFESTEPS),1.02,,9,5.9,5.87,1.01
MODERATE FUND,1.06,,8,3.96,5.85,0.68
BALANCED FUND,0.87,,11,7.8,5.83,1.34
AMPCI GLOBAL SHARES,AMP WEALTH MANAGEMENT NEW ZEALAND LIMITED,5,2,25.23,5.81,4.34
RUSSELL LIFEPOINTS® TARGET DATE 2035 FUND,0.97,,3,5.27,5.81,0.91
NZ TOP 50 ETF FUND,0.35,,4,13.08,5.81,2.25
GLIDEPATH AGE 60,0.90,,4,8.78,5.8,1.51
QUAYSTREET ALTUM FUND,1.15,,4,6.17,5.8,1.06
EQUITY FUND,1.10,,2,13.52,5.8,2.33
GLIDEPATH AGE 25,1.10,,2,13.52,5.8,2.33
QUAYSTREET GROWTH FUND,1.17,,4,6.8,5.79,1.17
BALANCED FUND,0.55,,3,5.34,5.78,0.92
MODERATE FUND,0.58,,9,3.57,5.75,0.62
SUMMER INVESTMENT SELECTION,0.90,,5,7.14,5.72,1.25
BALANCED FUND,0.90,,36,6.26,5.71,1.1
JUNO CONSERVATIVE FUND,0.49,,3,4.75,5.7,0.83
SUPERLIFE AGE STEPS - AGE 70,0.57,,6,5.93,5.7,1.04
STEPPING STONES 61-64,1,,4,0.98,5.67,0.17
SUMMER GROWTH SELECTION,0.89,,3,5.86,5.66,1.04
INVESTNOW MINT DIVERSIFIED INCOME FUND,0.76,,3,-1.84,5.63,-0.33
DEFAULT SAVER FUND,0.35,,8,2.1,5.6,0.38
BALANCED FUND,0.28,,7,8.47,5.59,1.52
INVESTNOW MINT AUSTRALASIAN EQUITY FUND,1.02,,3,-5.93,5.58,-1.06
CONSERVATIVE,0.84,,2,-4.71,5.55,-0.85
NZ TOP 10 ETF FUND,0.35,,5,12.57,5.54,2.27
ANZ BALANCED FUND,0.89,,3,8.84,5.53,1.6
RUSSELL LIFEPOINTS® TARGET DATE 2025 FUND,0.96,,3,5.12,5.53,0.93
AMPCI GLOBAL SHARES INDEX,AMP WEALTH MANAGEMENT NEW ZEALAND LIMITED,5,2,24.55,5.51,4.46
BALANCED FUND,0.30,,8,6.52,5.51,1.18
STEPPING STONES 36-45 AND STEPPING STONES GROWTH 51-55,1.00,,6,9.05,5.5,1.65
LIFESTAGES GROWTH PORTFOLIO,0.9,,2,7.88,5.49,1.44
QUAYSTREET ALTUM FUND,1.11,,2,20.12,5.48,3.67
ANZ PROPERTY FUND,1.03,,2,13.66,5.47,2.5
LIFESTAGES AUTO OPTION AGE 35 - 44,0.79,,7,6.12,5.46,1.12
BNZ KIWISAVER BALANCED FUND,0.62,,4,8.78,5.46,1.61
AMP MODERATE BALANCED FUND,1.03,,7,4.98,5.43,0.92
AMP MODERATE BALANCED FUND (LIFESTEPS),1.03,,7,4.98,5.43,0.92
RUSSELL LIFEPOINTS® BALANCED FUND,1.05,,4,5.08,5.43,0.94
RUSSELL LIFEPOINTS® MODERATE FUND,0.94,,7,5.83,5.42,1.08
SUPERLIFE AGE STEPS - AGE 70,0.47,,5,3.49,5.42,0.64
BNZ KIWISAVER BALANCED FUND,1.00,,6,5.29,5.4,0.98
GLIDEPATH AGE 75,0.8,,4,-0.22,5.35,-0.04
BALANCED FUND,0.68,,14,5.75,5.32,1.08
SOCIALLY RESPONSIBLE INVESTMENT BALANCED FUND,1.17,,8,9.64,5.28,1.83
QUAYSTREET SOCIALLY RESPONSIBLE INVESTMENT FUND,0.89,,3,6.56,5.28,1.24
MILFORD KIWISAVER ACTIVE GROWTH FUND,1.02,,3,11.58,5.27,2.2
NZ PROPERTY ETF FUND,0.35,,5,8.05,5.25,1.53
SUPERLIFE CONSERVATIVE,0.47,,4,4.7,5.24,0.9
SELECT BALANCED,AMP WEALTH MANAGEMENT NEW ZEALAND LIMITED,4,2,14.19,5.22,2.72
MERCER BALANCED FUND,1.12,,7,4.98,5.21,0.96
QUAYSTREET BALANCED FUND,0.89,,4,5.88,5.2,1.13
BALANCED,1.03,,7,6.26,5.19,1.21
CONSERVATIVE,AMP WEALTH MANAGEMENT NEW ZEALAND LIMITED,3,2,3.15,5.17,0.61
PROPERTY FUND,0.35,,4,5.06,5.13,0.99
CONSERVATIVE FUND,0.6,,4,-1.02,5.12,-0.2
BALANCED GROWTH FUND,1.09,,7,7.57,5.12,1.48
GLIDEPATH AGE 65,0.84,,8,2.26,5.11,0.44
STEPPING STONES 61-64,1.00,,5,7.31,5.11,1.43
MERCER BALANCED FUND,0.68,,16,5.93,5.09,1.17
LIFE CYCLE - AGE 75,1.03,,2,-5.28,5.09,-1.04
RUSSELL LIFEPOINTS® TARGET DATE 2035 FUND,1.06,,4,4.79,5.06,0.95
AMP RESPONSIBLE INVESTMENT BALANCED FUND,1.08,,4,3.85,5.06,0.76
MILFORD KIWISAVER MODERATE FUND,0.92,,2,-1.62,5.03,-0.32
MILFORD KIWISAVER BALANCED FUND,1.02,,7,8.03,4.99,1.61
GROWTH FUND,0.66,,2,11.66,4.99,2.34
CASH ENHANCED FUND,0.52,,4,-0.28,4.98,-0.06
MODERATE FUND,0.6,,8,2.1,4.98,0.42
BALANCED FUND,0.61,,4,5.75,4.97,1.16
CONSERVATIVE FUND,0.38,,8,-0.03,4.96,-0.01
BNZ KIWISAVER BALANCED FUND,0.58,,3,5.67,4.95,1.15
NIKKO AM CONSERVATIVE FUND,0.98,,15,2.96,4.93,0.6
LIFE CYCLE - AGE 65,1.04,,2,-6.76,4.91,-1.38
JUNO BALANCED FUND,0.6,,2,-14.66,4.9,-2.99
AMP MODERATE BALANCED FUND,1.02,,9,5.17,4.82,1.07
AMP MODERATE BALANCED FUND (LIFESTEPS),1.02,,9,5.17,4.82,1.07
BALANCED,0.97,,4,4.97,4.8,1.04
SHARES FUND,0.9,,2,10.38,4.77,2.18
QUAYSTREET INTERNATIONAL EQUITY FUND,1.04,,3,20.81,4.74,4.39
NZ DIVIDEND ETF FUND,0.35,,5,5.76,4.74,1.22
SUPERLIFE 60,0.37,,4,3.46,4.72,0.73
MILFORD KIWISAVER CONSERVATIVE FUND,0.93,,5,2.0,4.71,0.42
ANZ BALANCED FUND,1.19,,4,4.19,4.71,0.89
LIFESTAGES AUTO OPTION AGE 45 - 54,0.7,,3,6.32,4.7,1.34
STEPPING STONES GROWTH 61-64,1.00,,4,5.92,4.68,1.26
RUSSELL LIFEPOINTS® TARGET DATE 2025 FUND,0.92,,4,6.8,4.66,1.46
CARESAVER BALANCED FUND,1.10,,2,12.3,4.6,2.67
CONSERVATIVE FUND,0.83,,8,1.9,4.59,0.41
SUPERLIFE AGE STEPS - AGE 60,0.36,,4,3.46,4.57,0.76
BALANCED STRATEGY,0.90,,3,5.75,4.53,1.27
QUAYSTREET INTERNATIONAL EQUITY FUND,1.13,,2,-0.1,4.53,-0.02
PATHFINDER KIWISAVER CONSERVATIVE FUND,0.8,,4,2.14,4.52,0.47
GLIDEPATH AGE 40,1.04,,2,11.11,4.51,2.46
SUPERLIFE CONSERVATIVE FUND,0.56,,6,4.76,4.48,1.06
LIFECYCLE PROCESS - AGE 75,1.13,,6,3.91,4.46,0.88
INVESTNOW MILFORD BALANCED FUND,1.05,,2,8.46,4.45,1.9
AMP GLOBAL MULTI-ASSET FUND,1.42,,7,0.28,4.44,0.06
CONSERVATIVE FUND,0.8,,3,-2.7,4.43,-0.61
QUAYSTREET BALANCED FUND,0.91,,3,6.81,4.42,1.54
INVESTNOW HUNTER GLOBAL FIXED INTEREST FUND,0.54,,3,-4.34,4.39,-0.99
ETHICA,0.65,,5,2.82,4.35,0.65
MILFORD KIWISAVER MODERATE FUND,0.86,,3,10.08,4.26,2.37
BNZ KIWISAVER GROWTH FUND,1.05,,2,11.75,4.26,2.76
CONSERVATIVE FUND,0.49,,4,-0.14,4.22,-0.03
ASB MODERATE FUND,0.92,,7,4.18,4.22,0.99
LIFESTAGES AUTO OPTION AGE 55 - 64,0.65,,7,4.15,4.19,0.99
LIFESTAGES AUTO OPTION AGE 45 - 54,0.75,,7,4.8,4.19,1.15
NIKKO BALANCED FUND,0.74,,2,5.74,4.19,1.37
AMP MODERATE FUND,0.98,,7,3.82,4.15,0.92
AMP MODERATE FUND (LIFESTEPS),0.98,,7,3.82,4.15,0.92
STEPPING STONES 56-60,1.00,,11,7.15,4.11,1.74
LIFESTAGES AUTO OPTION AGE 65+,0.60,,3,3.88,4.08,0.95
RUSSELL LIFEPOINTS® TARGET DATE 2025 FUND,0.91,,3,2.3,4.04,0.57
MODERATE FUND,0.60,,12,5.02,4.0,1.25
LIFE CYCLE - AGE 0-54,1.09,,2,-12.54,4.0,-3.13
STEPPING STONES GROWTH 65+,1.00,,4,5.5,3.98,1.38
STEPPING STONES 65+,1.00,,4,5.5,3.98,1.38
GROWTH FUND,1.02,,2,9.99,3.92,2.55
CONSERVATIVE FUND,0.4,,4,-1.49,3.91,-0.38
SOCIALLY RESPONSIBLE INVESTMENT BALANCED FUND,1.04,,7,6.24,3.91,1.6
ASSET CLASS CONSERVATIVE FUND,1.14,,3,8.57,3.9,2.2
MODERATE FUND,0.5,,3,2.91,3.89,0.75
NZ SHARES FUND,0.48,,4,5.73,3.89,1.47
BNZ KIWISAVER MODERATE FUND,0.90,,6,4.43,3.89,1.14
QUAYSTREET BALANCED FUND,0.93,,3,6.03,3.88,1.55
AMP MODERATE FUND,0.97,,9,4.54,3.84,1.18
AMP MODERATE FUND (LIFESTEPS),0.97,,9,4.54,3.84,1.18
INCOME STRATEGY,0.95,,18,2.74,3.83,0.72
RUSSELL LIFEPOINTS® TARGET DATE 2015 FUND,0.91,,3,4.55,3.82,1.19
RUSSELL LIFEPOINTS® CONSERVATIVE FUND,0.91,,3,4.56,3.81,1.2
BALANCED FUND,1.04,,7,6.1,3.8,1.61
ASSET CLASS CONSERVATIVE FUND,1.15,,7,1.86,3.78,0.49
AMP BALANCED FUND,0.99,,3,4.15,3.78,1.1
RUSSELL LIFEPOINTS® CONSERVATIVE FUND,0.88,,7,3.67,3.77,0.97
RUSSELL LIFEPOINTS® TARGET DATE 2015 FUND,0.88,,7,3.67,3.77,0.97
STEPPING STONES 46-55 AND STEPPING STONES GROWTH 56-60,1.00,,6,7.61,3.76,2.02
ASB MODERATE FUND,0.93,,11,3.33,3.72,0.9
NZ BONDS FUND,0.53,,6,0.31,3.7,0.08
MODERATE FUND,0.57,,10,5.96,3.67,1.62
RUSSELL LIFEPOINTS® MODERATE FUND,0.99,,4,3.97,3.63,1.09
CONSERVATIVE,0.86,,7,5.24,3.62,1.45
CONSERVATIVE FUND,0.85,,33,2.8,3.59,0.78
BNZ KIWISAVER MODERATE FUND,0.58,,3,3.22,3.49,0.92
AMP CAPITAL GLOBAL MULTI-ASSET FUND,1.43,,3,4.7,3.47,1.35
AMP INCOME GENERATOR FUND,0.98,,4,2.6,3.47,0.75
CONSERVATIVE BALANCED FUND,0.85,,51,4.98,3.46,1.44
UK CASH FUND,0.45,,9,2.34,3.45,0.68
QUAYSTREET FIXED INTEREST FUND,0.65,,5,0.67,3.37,0.2
STEPPING STONES GROWTH 61-64,1,,3,3.47,3.36,1.03
BNZ KIWISAVER MODERATE FUND,0.62,,4,6.54,3.35,1.95
CONSERVATIVE FUND,0.26,,7,3.58,3.3,1.08
NZ FIXED INTEREST,AMP WEALTH MANAGEMENT NEW ZEALAND LIMITED,3,3,-1.11,3.28,-0.34
SUMMER CONSERVATIVE SELECTION,0.66,,4,5.63,3.28,1.72
OVERSEAS NON-GOVERNMENT BONDS FUND,0.53,,6,1.18,3.25,0.36
GLIDEPATH AGE 75,0.87,,4,5.87,3.25,1.81
SUPERLIFE AGE STEPS - AGE 70,0.36,,4,2.97,3.22,0.92
MILFORD KIWISAVER BALANCED FUND,0.99,,2,7.16,3.19,2.24
NEW ZEALAND FIXED INTEREST FUND,0.55,,17,2.13,3.17,0.67
OVERSEAS BONDS FUND,0.58,,6,1.4,3.15,0.44
CONSERVATIVE FUND,1.00,,11,6.17,3.13,1.97
INVESTNOW AUSTRALASIAN PROPERTY INDEX FUND,0.36,,2,7.9,3.1,2.55
MODERATE FUND,0.59,,14,4.45,3.1,1.44
CONSERVATIVE FUND,0.61,,7,4.95,3.1,1.6
DEFAULT,0.58,,2,-2.73,3.1,-0.88
DEFAULT,0.65,,3,4.26,3.07,1.39
GLIDEPATH AGE 65,0.85,,9,5.6,3.06,1.83
NEW ZEALAND FIXED INTEREST FUND,0.63,,6,-1.37,3.04,-0.45
RUSSELL LIFEPOINTS® TARGET DATE 2025 FUND,0.99,,5,4.19,3.03,1.38
LIFESTAGES AUTO OPTION AGE 55 - 64,0.71,,5,2.63,3.02,0.87
LIFESTAGES AUTO OPTION AGE 65+,0.70,,3,1.55,3.02,0.51
AMP MODERATE BALANCED FUND,0.98,,3,3.97,3.01,1.32
SUPERLIFE INCOME FUND,0.55,,6,0.84,2.98,0.28
NIKKO AM BALANCED FUND,0.98,,3,5.08,2.96,1.72
INVESTNOW MILFORD CONSERVATIVE FUND,0.95,,3,-0.97,2.94,-0.33
STEPPING STONES GROWTH 65+,1,,3,2.95,2.93,1.01
STEPPING STONES 65+,1,,3,2.95,2.93,1.01
MILFORD KIWISAVER AGGRESSIVE FUND,1.11,,2,17.25,2.93,5.89
GLIDEPATH AGE 75,0.85,,2,3.6,2.93,1.23
MERCER MODERATE FUND,0.59,,17,4.55,2.92,1.56
JUNO CONSERVATIVE FUND,0.42,,4,5.46,2.92,1.87
GLIDEPATH AGE 55,0.89,,2,8.11,2.91,2.79
RUSSELL LIFEPOINTS® TARGET DATE 2045 FUND,0.81,,2,8.43,2.91,2.9
RUSSELL LIFEPOINTS® GROWTH FUND,0.81,,2,8.43,2.87,2.94
LIFESTAGES AUTO OPTION AGE 65+,0.62,,4,3.47,2.86,1.21
CONSERVATIVE FUND,0.52,,4,5.04,2.83,1.78
AMP GLOBAL MULTI-ASSET FUND,1.43,,4,2.04,2.82,0.72
QUAYSTREET SOCIALLY RESPONSIBLE INVESTMENT FUND,0.85,,3,11.43,2.8,4.08
ASSET CLASS CONSERVATIVE FUND,1.03,,4,2.0,2.79,0.72
AMP CONSERVATIVE FUND,0.88,,7,2.45,2.77,0.88
AMP CONSERVATIVE FUND (LIFESTEPS),0.88,,7,2.45,2.77,0.88
FISHER BALANCED FUND,1.03,,3,5.92,2.72,2.18
INTERNATIONAL FIXED INTEREST FUND,0.75,,17,1.91,2.7,0.71
ANZ BALANCED GROWTH FUND,0.98,,2,5.01,2.69,1.86
SUPERLIFE AGE STEPS - AGE 80,0.55,,6,1.81,2.66,0.68
AMP CONSERVATIVE FUND,0.87,,9,3.7,2.65,1.4
LIFESTAGES CAPITAL STABLE PORTFOLIO,0.75,,14,3.28,2.65,1.24
AMP CONSERVATIVE FUND (LIFESTEPS),0.87,,9,3.7,2.65,1.4
BNZ KIWISAVER GROWTH FUND,1.04,,3,9.6,2.65,3.62
AMP DEFENSIVE CONSERVATIVE FUND,0.35,,2,0.29,2.64,0.11
TOTAL WORLD FUND,0.59,,2,5.4,2.64,2.05
INVESTNOW CASTLE POINT 5 OCEANS FUND,1.09,,2,5.56,2.62,2.12
CONSERVATIVE FUND,0.86,,4,5.09,2.61,1.95
AMP CAPITAL INCOME GENERATOR FUND,0.98,,3,5.61,2.6,2.16
QUAYSTREET CONSERVATIVE FUND,0.71,,2,-1.89,2.59,-0.73
SELECT CONSERVATIVE,AMP WEALTH MANAGEMENT NEW ZEALAND LIMITED,3,2,5.07,2.56,1.98
RUSSELL LIFEPOINTS® TARGET DATE 2035 FUND,0.76,,2,7.72,2.56,3.02
BALANCED FUND,0.88,,3,6.94,2.54,2.73
RUSSELL LIFEPOINTS® BALANCED FUND,0.74,,2,7.74,2.54,3.05
UK CASH FUND,0.48,,6,-1.23,2.52,-0.49
SUMMER CONSERVATIVE SELECTION,0.7,,3,0.46,2.47,0.19
QUAYSTREET INCOME FUND,0.63,,3,3.62,2.47,1.47
ANZ CONSERVATIVE FUND,0.98,,11,3.04,2.45,1.24
ANZ BALANCED FUND,0.67,,2,5.5,2.4,2.29
OVERSEAS NON-GOVERNMENT BONDS FUND,0.34,,5,3.9,2.37,1.65
FISHER BALANCED FUND,1.12,,2,7.77,2.37,3.28
AMP MODERATE FUND,0.93,,3,3.68,2.36,1.56
ANZ CONSERVATIVE FUND,0.97,,7,3.42,2.35,1.46
SUPERLIFE 30,0.36,,4,2.77,2.33,1.19
DEFENSIVE CONSERVATIVE FUND,0.3,,3,0.78,2.32,0.34
SELECT INCOME,AMP WEALTH MANAGEMENT NEW ZEALAND LIMITED,3,2,-2.15,2.31,-0.93
STEPPING STONES 61-64 AND STEPPING STONES GROWTH 61-64,1.00,,5,6.31,2.29,2.76
DEFAULT FUND,0.37,,4,4.78,2.28,2.1
JUNO CONSERVATIVE FUND,0.67,,2,-7.65,2.28,-3.36
CONSERVATIVE FUND,0.45,,13,3.28,2.26,1.45
CONSERVATIVE FUND,0.84,,13,4.68,2.26,2.07
CONSERVATIVE FUND,1,,7,3.53,2.24,1.58
CONSERVATIVE FUND,0.30,,8,4.58,2.24,2.04
LIFESTAGES AUTO OPTION AGE 65+,0.61,,3,1.35,2.23,0.61
BNZ KIWISAVER BALANCED FUND,0.95,,5,8.47,2.23,3.8
NIKKO AM CONSERVATIVE FUND,0.97,,4,4.25,2.22,1.91
INVESTNOW NZ SHARES INDEX FUND,0.28,,2,-2.51,2.21,-1.14
CASH ENHANCED FUND,0.54,,4,5.38,2.21,2.43
AMP INTERNATIONAL FIXED INTEREST FUND,0.82,,7,2.09,2.18,0.96
BNZ KIWISAVER CONSERVATIVE FUND,0.58,,6,3.26,2.17,1.5
QUAYSTREET FIXED INTEREST FUND,0.63,,3,0.57,2.15,0.27
MODERATE FUND,0.94,,7,4.48,2.15,2.08
RUSSELL LIFEPOINTS® MODERATE FUND,0.67,,2,6.86,2.15,3.19
INVESTNOW SALT NZ DIVIDEND APPRECIATION FUND,0.99,,2,0.54,2.13,0.25
CONSERVATIVE FUND,0.55,,12,4.18,2.13,1.96
LIFESTAGES AUTO OPTION AGE 55+,0.71,,2,5.62,2.11,2.66
MODERATE FUND,1.07,,4,3.6,2.1,1.71
DEFAULT FUND,0.40,,8,3.98,2.09,1.9
GLIDEPATH AGE 75,0.81,,13,4.42,2.07,2.14
OPTIONS FUND,1.02,,2,6.54,2.07,3.16
RUSSELL LIFEPOINTS® TARGET DATE 2025 FUND,0.69,,2,6.79,2.06,3.3
GUARANTEED INCOME FUND,0.28,,3,6.47,2.05,3.16
LIFESTAGES INCOME FUND,0.55,,7,-0.07,2.04,-0.03
SUPERLIFE AGE STEPS - AGE 80,0.46,,5,3.13,2.01,1.56
INVESTNOW SALT ENHANCED PROPERTY FUND,0.88,,2,4.2,2.0,2.1
BNZ KIWISAVER CONSERVATIVE FUND,0.5,,3,0.56,2.0,0.28
DEFAULT,0.82,,4,3.44,2.0,1.72
CONSERVATIVE FUND,0.50,,12,3.56,2.0,1.78
RUSSELL LIFEPOINTS® CONSERVATIVE FUND,0.94,,4,2.7,1.98,1.36
RUSSELL LIFEPOINTS® TARGET DATE 2015 FUND,0.95,,4,2.68,1.98,1.35
MERCER CONSERVATIVE FUND,0.50,,12,3.96,1.96,2.02
SUSTAINABLE CONSERVATIVE FUND,0.45,,3,1.76,1.94,0.91
CONSERVATIVE FUND,0.78,,6,2.06,1.94,1.06
DEFAULT,0.74,,3,4.94,1.94,2.55
QUAYSTREET GROWTH FUND,1.18,,4,3.17,1.93,1.64
QUAYSTREET CONSERVATIVE FUND,0.65,,5,3.63,1.92,1.89
QUAYSTREET CONSERVATIVE FUND,0.62,,4,4.06,1.9,2.14
CONSERVATIVE FUND,0.39,,11,4.3,1.88,2.29
AMP NEW ZEALAND FIXED INTEREST FUND,0.73,,8,2.04,1.83,1.11
QUAYSTREET BALANCED FUND,0.92,,4,3.06,1.83,1.67
AMP DEFAULT FUND,0.35,,17,3.6,1.82,1.98
CONSERVATIVE,1.05,,3,5.07,1.82,2.79
QUAYSTREET CONSERVATIVE FUND,0.66,,3,4.28,1.82,2.35
DEFAULT SAVER FUND,0.38,,8,4.52,1.81,2.5
BALANCED FUND,1,,2,10.46,1.76,5.94
CONSERVATIVE,1.06,,4,3.4,1.76,1.93
HIGH GROWTH FUND,BOOSTER INVESTMENT MANAGEMENT LIMITED,5,2,18.72,1.75,10.7
CONSERVATIVE FUND,0.80,,8,4.94,1.75,2.82
CONSERVATIVE FUND,0.40,,8,4.5,1.75,2.57
CARESAVER CONSERVATIVE FUND,0.80,,2,6.28,1.75,3.59
QUAYSTREET GROWTH FUND,1.22,,2,14.87,1.73,8.6
CASH ENHANCED FUND,0.56,,10,4.03,1.73,2.33
GLOBAL BOND ETF FUND,0.35,,5,2.0,1.73,1.16
QUAYSTREET INCOME FUND,0.64,,7,4.58,1.73,2.65
QUAYSTREET SOCIALLY RESPONSIBLE INVESTMENT FUND,0.88,,4,3.16,1.7,1.86
CASHPLUS,0.74,,7,0.91,1.65,0.55
BNZ KIWISAVER MODERATE FUND,0.85,,5,6.85,1.64,4.18
MERCER BALANCED FUND,0.72,,2,4.67,1.63,2.87
MILFORD KIWISAVER CONSERVATIVE FUND,0.91,,4,2.8,1.62,1.73
GLOBAL AGGREGATE BOND FUND,0.58,,3,-3.75,1.59,-2.36
CAPITAL GUARANTEED FUND,0.90,,8,0.57,1.59,0.36
GEMINO FUND,0.85,,2,-24.07,1.58,-15.23
RUSSELL LIFEPOINTS® TARGET DATE 2015 FUND,0.63,,2,5.81,1.58,3.68
LIFESTAGES INCOME FUND,0.65,,7,1.24,1.56,0.79
SUMMER GLOBAL FIXED INTEREST,0.3,,3,-1.54,1.55,-0.99
SUPERLIFE INCOME,0.46,,4,3.79,1.54,2.46
AMP INTERNATIONAL FIXED INTEREST FUND,0.83,,8,1.58,1.54,1.03
MILFORD KIWISAVER CONSERVATIVE FUND,0.89,,3,5.72,1.52,3.76
GEARED GROWTH FUND,1.41,,2,9.24,1.51,6.12
QUAYSTREET INCOME FUND,0.56,,2,4.8,1.51,3.18
RUSSELL LIFEPOINTS® CONSERVATIVE FUND,0.62,,2,5.71,1.49,3.83
SUMMER GLOBAL FIXED INTEREST,0.46,,3,3.82,1.47,2.6
AMPCI GLOBAL FIXED INTEREST,AMP WEALTH MANAGEMENT NEW ZEALAND LIMITED,3,2,-0.43,1.45,-0.3
MILFORD KIWISAVER CONSERVATIVE FUND,0.87,,4,3.91,1.45,2.7
DEFAULT,0.69,,4,3.33,1.45,2.3
OVERSEAS BONDS FUND,0.55,,5,3.8,1.39,2.73
GROWTH FUND,BOOSTER INVESTMENT MANAGEMENT LIMITED,4,2,13.66,1.37,9.97
INVESTNOW ETHICAL LEADERS HEDGED GLOBAL FIXED INTEREST INDEX FUND,0.36,,2,-2.48,1.36,-1.82
GLOBAL BONDS - MULTI MANAGER,AMP WEALTH MANAGEMENT NEW ZEALAND LIMITED,3,2,-0.68,1.34,-0.51
AMP CONSERVATIVE FUND,0.85,,3,3.37,1.33,2.53
MODERATE FUND,1,,2,6.58,1.31,5.02
INVESTNOW RUSSELL INVESTMENTS GLOBAL FIXED INTEREST FUND,0.47,,2,-2.21,1.29,-1.71
QUAYSTREET INTERNATIONAL EQUITY FUND,1.17,,4,4.07,1.27,3.2
BNZ KIWISAVER FIRST HOME BUYER FUND,0.5,,3,0.93,1.23,0.76
BNZ KIWISAVER FIRST HOME BUYER FUND,0.50,,10,2.74,1.22,2.25
QUAYSTREET CONSERVATIVE FUND,0.64,,2,4.12,1.22,3.38
INVESTNOW FOUNDATION SERIES BALANCED FUND,0.35,,2,10.32,1.17,8.82
BNZ KIWISAVER CONSERVATIVE FUND,0.51,,4,3.88,1.16,3.34
BNZ KIWISAVER CONSERVATIVE FUND,0.53,,4,5.15,1.14,4.52
BALANCED FUND,BOOSTER INVESTMENT MANAGEMENT LIMITED,4,2,9.29,1.1,8.45
OVERSEAS NON-GOVERNMENT BONDS FUND,0.35,,4,-0.1,1.08,-0.09
SUMMER GLOBAL FIXED INTEREST,0.58,,4,1.12,1.07,1.05
NZ CORPORATE BOND FUND,0.82,,8,4.24,1.05,4.04
AMP GLOBAL FIXED INTEREST FUND,0.83,,3,-2.34,1.01,-2.32
OVERSEAS BONDS FUND,0.35,,4,1.35,1.01,1.34
SUPERLIFE AGE STEPS - AGE 80,0.35,,4,2.11,1.0,2.11
MODERATE FUND,BOOSTER INVESTMENT MANAGEMENT LIMITED,3,2,5.48,0.93,5.89
QUAYSTREET INCOME FUND,0.65,,2,-0.4,0.93,-0.43
AMP NEW ZEALAND FIXED INTEREST FUND,0.72,,7,3.35,0.92,3.64
INVESTNOW HARBOUR NZ CORE FIXED INTEREST FUND,0.57,,3,-4.14,0.91,-4.55
MILFORD KIWISAVER CONSERVATIVE FUND,0.77,,2,5.57,0.91,6.12
DEFAULT FUND,0.4,,4,4.22,0.9,4.69
CASH FUND,0.3,,7,1.1,0.88,1.25
NZ BONDS FUND,0.49,,5,3.9,0.87,4.48
MILFORD KIWISAVER CASH FUND,0.14,,2,1.07,0.86,1.24
CASH,0.49,,2,1.06,0.85,1.25
SUMMER NEW ZEALAND FIXED INTEREST,0.90,,8,3.14,0.82,3.83
QUAYSTREET FIXED INTEREST FUND,0.61,,2,3.48,0.81,4.3
QUAYSTREET BALANCED SRI FUND,1.05,,2,3.1,0.81,3.83
LIFESTAGES INCOME FUND,0.54,,3,2.89,0.8,3.61
BNZ KIWISAVER FIRST HOME BUYER FUND,0.45,,3,3.96,0.78,5.08
SUPERLIFE INCOME,0.35,,4,1.85,0.73,2.53
QUAYSTREET FIXED INTEREST FUND,0.66,,4,2.8,0.73,3.84
SUMMER NEW ZEALAND FIXED INTEREST,0.75,,4,-3.44,0.72,-4.78
QUAYSTREET INCOME FUND,0.66,,4,0.71,0.72,0.99
ENHANCED CASH FUND,0.65,,2,0.69,0.72,0.96
PRESERVATION FUND,0.48,,18,1.07,0.71,1.51
SUMMER GLOBAL FIXED INTEREST,0.63,,2,2.4,0.71,3.38
NZ MID CAP FUND,SMARTSHARES LIMITED,5,3,19.06,0.7,27.23
NZ CASH FUND,0.35,,12,0.96,0.7,1.37
NEW ZEALAND CASH FUND,0,,4,0.56,0.68,0.82
AMP NZ FIXED INTEREST FUND,0.73,,2,-5.27,0.67,-7.87
QUAYSTREET FIXED INTEREST FUND,0.64,,5,3.18,0.67,4.75
MERCER CONSERVATIVE FUND,0.5,,6,4.27,0.66,6.47
BNZ KIWISAVER CASH FUND,0.3,,4,0.57,0.66,0.86
SUMMER NEW ZEALAND CASH,0.5,,4,0.34,0.65,0.52
QUAYSTREET CONSERVATIVE FUND,0.7,,2,3.06,0.63,4.86
NZ CASH FUND,0.45,,4,0.65,0.62,1.05
OVERSEAS SHARES (CURRENCY HEDGED) FUND,SMARTSHARES LIMITED,6,3,28.88,0.61,47.34
NZ BOND ETF FUND,0.35,,5,3.29,0.61,5.39
MERCER CASH FUND,0.32,,18,1.39,0.6,2.32
CPP FUND NO. 1,0.64,,2,14.09,0.6,23.48
SUMMER GLOBAL FIXED INTEREST,0.36,,4,3.91,0.58,6.74
CASHPLUS,0.72,,2,-1.17,0.57,-2.05
S&P/NZX NZ GOVERNMENT BOND FUND,0.53,,3,-4.97,0.53,-9.38
CASH FUND,0.19,,12,0.68,0.52,1.31
CAPITAL GUARANTEED FUND,0.77,,7,1.89,0.5,3.78
CASH FUND,0.32,,14,1.01,0.47,2.15
NZ CASH ETF FUND,0.35,,5,1.97,0.46,4.28
BNZ KIWISAVER CASH FUND,0.30,,10,1.27,0.46,2.76
NZ CASH,AMP WEALTH MANAGEMENT NEW ZEALAND LIMITED,1,3,-0.38,0.45,-0.84
LIFECYCLE PROCESS - AGE 65,1.15,,2,3.73,0.45,8.29
NZ CASH FUND,0.46,,8,1.41,0.45,3.13
SUMMER NEW ZEALAND FIXED INTEREST,0.83,,4,3.12,0.45,6.93
CASH FUND,0.5,,4,0.75,0.44,1.7
ANZ CASH FUND,0.64,,5,0.66,0.44,1.5
NZ CORPORATE BOND FUND,0.8,,4,-3.29,0.4,-8.22
BNZ KIWISAVER FIRST HOME BUYER FUND,0.36,,2,3.42,0.4,8.55
INVESTNOW AMP CAPITAL NZ FIXED INTEREST FUND,0.56,,2,-4.51,0.35,-12.89
AUSTRALIAN DIVIDEND FUND,SMARTSHARES LIMITED,6,3,14.29,0.34,42.03
CASH FUND,0.27,,5,0.95,0.32,2.97
NZ BONDS FUND,0.35,,4,3.49,0.31,11.26
AUSTRALIAN RESOURCES FUND,SMARTSHARES LIMITED,6,3,10.95,0.3,36.5
AMP CASH FUND,0.51,,7,0.18,0.28,0.64
ENHANCED CASH FUND,0.82,,4,0.7,0.28,2.5
CASHPLUS,0.84,,2,2.41,0.28,8.61
NIKKO CASH FUND,0.66,,3,1.2,0.27,4.44
AUSTRALIAN SHARES FUND,SMARTSHARES LIMITED,6,3,29.12,0.25,116.48
NZ CASH FUND,0.44,,5,1.54,0.25,6.16
CASH,0.54,,4,1.16,0.25,4.64
CAPITAL GUARANTEED FUND,0.9,,4,0.21,0.24,0.88
CASH FUND,0.26,,4,0.9,0.24,3.75
SUMMER NEW ZEALAND CASH,0.72,,4,0.42,0.23,1.83
US MID CAP FUND,SMARTSHARES LIMITED,6,3,30.7,0.22,139.55
CASH,0.52,,3,0.54,0.22,2.45
CASH FUND,0.22,,8,0.89,0.22,4.05
S&P/NZX NZ GOVERNMENT BOND FUND,SMARTSHARES LIMITED,3,3,-5.18,0.21,-24.67
NZ CASH FUND,0.34,,11,1.47,0.21,7.0
SUPERLIFE HIGH GROWTH FUND,SMARTSHARES LIMITED,5,3,23.96,0.2,119.8
ASSET CLASS CONSERVATIVE FUND,1.06,,2,5.12,0.2,25.6
US SMALL CAP FUND,SMARTSHARES LIMITED,6,3,37.18,0.19,195.68
OVERSEAS SHARES FUND,SMARTSHARES LIMITED,5,3,24.33,0.18,135.17
SUPERLIFE AGE STEPS - AGE 20,SMARTSHARES LIMITED,5,3,22.88,0.18,127.11
DEFAULT,1.06,,2,3.34,0.18,18.56
AUSTRALIAN MID CAP FUND,SMARTSHARES LIMITED,6,3,27.37,0.17,161.0
NZ CASH FUND,0.51,,6,0.65,0.17,3.82
CASHPLUS,0.77,,3,2.57,0.17,15.12
NIKKO CASH FUND,0.65,,4,0.77,0.17,4.53
AMP CASH FUND,0.68,,3,1.51,0.16,9.44
AUSTRALIAN FINANCIALS FUND,SMARTSHARES LIMITED,6,3,48.07,0.15,320.47
OVERSEAS BONDS FUND,SMARTSHARES LIMITED,3,3,0.56,0.15,3.73
MERCER CASH FUND,MERCER (N.Z.) LIMITED,1,3,-0.05,0.15,-0.33
ANZ CASH FUND,0.65,,8,1.24,0.15,8.27
ENHANCED INCOME FUND,0.82,,3,1.3,0.14,9.29
CASH FUND,0.30,,8,1.48,0.14,10.57
SUPERLIFE AGE STEPS - AGE 30,SMARTSHARES LIMITED,5,3,18.65,0.13,143.46
SUPERLIFE AGE STEPS - AGE 40,SMARTSHARES LIMITED,5,3,18.65,0.13,143.46
GLOBAL AGGREGATE BOND FUND,SMARTSHARES LIMITED,3,3,-2.55,0.12,-21.25
SUMMER NEW ZEALAND CASH,0.90,,8,0.96,0.12,8.0
CASH,0.62,,3,1.82,0.12,15.17
CONSERVATIVE,1.09,,2,1.79,0.12,14.92
NZ DIVIDEND FUND,SMARTSHARES LIMITED,5,3,18.21,0.11,165.55
SUPERLIFE INCOME FUND,SMARTSHARES LIMITED,3,3,-0.84,0.11,-7.64
SUPERLIFE AGE STEPS - AGE 50,SMARTSHARES LIMITED,4,3,17.34,0.11,157.64
NIKKO CASH FUND,0.67,,6,1.51,0.11,13.73
ENHANCED INCOME FUND,0.69,,7,1.45,0.11,13.18
CASH FUND,0.33,,18,1.57,0.11,14.27
AMP CASH FUND,0.73,,3,1.04,0.11,9.45
NIKKO CASH FUND,0.39,,2,1.73,0.11,15.73
AUSTRALIAN TOP 20 FUND,SMARTSHARES LIMITED,6,3,25.85,0.1,258.5
NZ SHARES FUND,SMARTSHARES LIMITED,5,3,18.94,0.1,189.4
SUPERLIFE BALANCED FUND,SMARTSHARES LIMITED,4,3,13.91,0.1,139.1
US LARGE VALUE FUND,SMARTSHARES LIMITED,5,3,27.24,0.1,272.4
MERCER HIGH GROWTH FUND,MERCER (N.Z.) LIMITED,4,3,19.09,0.1,190.9
CONSERVATIVE FUND,0.5,,2,3.62,0.1,36.2
S&P/NZX 50 FUND,SMARTSHARES LIMITED,5,3,12.01,0.09,133.44
AUSTRALIAN PROPERTY FUND,SMARTSHARES LIMITED,6,3,24.37,0.09,270.78
NZ BONDS FUND,SMARTSHARES LIMITED,3,3,-2.5,0.09,-27.78
US 500 FUND,SMARTSHARES LIMITED,5,3,25.24,0.09,280.44
CASH FUND,0.48,,9,1.49,0.09,16.56
S&P/ASX 200 FUND,SMARTSHARES LIMITED,6,3,23.17,0.08,289.62
EMERGING MARKETS FUND,SMARTSHARES LIMITED,5,3,11.31,0.08,141.38
NZ TOP 50 FUND,SMARTSHARES LIMITED,5,3,19.46,0.08,243.25
SUPERLIFE AGE STEPS - AGE 80,SMARTSHARES LIMITED,3,3,1.69,0.08,21.12
MERCER GROWTH FUND,MERCER (N.Z.) LIMITED,4,3,15.8,0.08,197.5
INVESTNOW AMP CAPITAL NZ CASH FUND,0.25,,2,0.32,0.08,4.0
CASH FUND,0.29,,3,0.03,0.08,0.38
NZ TOP 10 FUND,SMARTSHARES LIMITED,5,3,7.26,0.07,103.71
OVERSEAS NON-GOVERNMENT BONDS FUND,SMARTSHARES LIMITED,3,3,0.28,0.07,4.0
SUPERLIFE AGE STEPS - AGE 60,SMARTSHARES LIMITED,4,3,12.99,0.07,185.57
CASH FUND,0.2,,3,0.4,0.07,5.71
CASHPLUS,0.79,,4,2.09,0.07,29.86
ANZ CASH FUND,0.38,,2,1.49,0.07,21.29
CASH,0.78,,2,2.04,0.07,29.14
LIFECYCLE - AGE 65,NEW ZEALAND FUNDS MANAGEMENT LIMITED,5,2,23.79,0.06,396.5
LIFECYCLE - AGE 75,NEW ZEALAND FUNDS MANAGEMENT LIMITED,4,2,20.38,0.06,339.67
NZ CASH FUND,SMARTSHARES LIMITED,1,3,0.52,0.06,8.67
SUPERLIFE CONSERVATIVE FUND,SMARTSHARES LIMITED,4,3,6.22,0.06,103.67
SUPERLIFE GROWTH FUND,SMARTSHARES LIMITED,5,3,18.82,0.06,313.67
UK CASH FUND,SMARTSHARES LIMITED,4,3,-0.11,0.06,-1.83
US LARGE GROWTH FUND,SMARTSHARES LIMITED,6,3,22.57,0.06,376.17
ENHANCED CASH FUND,0.79,,3,0.11,0.06,1.83
TOTAL WORLD (NZD HEDGED) FUND,SMARTSHARES LIMITED,5,3,27.23,0.05,544.6
ETHICA FUND,SMARTSHARES LIMITED,4,3,15.04,0.05,300.8
NZ PROPERTY FUND,SMARTSHARES LIMITED,5,3,9.4,0.05,188.0
GLOBAL PROPERTY FUND,SMARTSHARES LIMITED,5,3,23.29,0.05,465.8
SUPERLIFE AGE STEPS - AGE 70,SMARTSHARES LIMITED,4,3,8.73,0.05,174.6
MERCER SHARES FUND,MERCER (N.Z.) LIMITED,5,3,20.64,0.05,412.8
SELECT CASH,AMP WEALTH MANAGEMENT NEW ZEALAND LIMITED,1,2,-0.26,0.05,-5.2
MILFORD KIWISAVER CASH FUND,0.09,,3,0.3,0.05,6.0
LIFECYCLE - AGE 0-54,NEW ZEALAND FUNDS MANAGEMENT LIMITED,6,2,39.48,0.04,987.0
ASIA PACIFIC FUND,SMARTSHARES LIMITED,5,3,14.25,0.04,356.25
TOTAL WORLD FUND,SMARTSHARES LIMITED,5,3,22.92,0.04,573.0
ANZ CASH FUND,0.66,,3,0.0,0.04,0.0
BNZ KIWISAVER CASH FUND,0.25,,2,1.71,0.04,42.75
BNZ KIWISAVER CASH FUND,0.24,,2,1.94,0.04,48.5
MERCER CONSERVATIVE FUND,MERCER (N.Z.) LIMITED,3,3,2.99,0.03,99.67
CASH,0.65,,4,1.94,0.03,64.67
NZ CASH ETF FUND,0.48,,2,1.71,0.03,57.0
CASTLE POINT 5 OCEANS FUND,SMARTSHARES LIMITED,3,3,9.9,0.02,495.0
EUROPE FUND,SMARTSHARES LIMITED,5,3,21.35,0.02,1067.5
MERCER MODERATE FUND,MERCER (N.Z.) LIMITED,3,3,6.93,0.02,346.5
MERCER BALANCED FUND,MERCER (N.Z.) LIMITED,4,3,11.33,0.02,566.5
NIKKO CASH FUND,0.68,,3,0.03,0.02,1.5
AMP CASH FUND,0.72,,6,1.12,0.02,56.0
BALANCED GROWTH FUND,ANZ NEW ZEALAND INVESTMENTS LIMITED,4,3,14.61,0.01,1461.0
NEW ZEALAND CASH FUND,0.63,,2,0.16,0.01,16.0
CONSERVATIVE BALANCED FUND,0.78,,3,-9.8,0.01,-980.0
CONSERVATIVE FUND,ANZ NEW ZEALAND INVESTMENTS LIMITED,3,2,3.76,0.0,0
CONSERVATIVE BALANCED FUND,ANZ NEW ZEALAND INVESTMENTS LIMITED,3,2,7.44,0.0,0
BALANCED FUND,ANZ NEW ZEALAND INVESTMENTS LIMITED,4,2,10.91,0.0,0
GROWTH FUND,ANZ NEW ZEALAND INVESTMENTS LIMITED,5,2,18.66,0.0,0
SUPERLIFE DEFAULT FUND,0.19,,2,0.0,0.0,0
CONSERVATIVE FUND,0.67,,2,-8.16,0.0,0
CASH FUND,0.34,,2,1.74,0.0,0
