From Period,To Period,Provider,Fund,Persistence Type
2016-03-31,2016-06-30,0.5,MERCER CONSERVATIVE FUND,Top-to-Top
2016-06-30,2016-09-30,1.03,FISHER BALANCED FUND,Top-to-Top
2016-09-30,2016-12-31,0.67,GROWTH FUND,Top-to-Top
2016-09-30,2016-12-31,0.62,BALANCED FUND,Top-to-Top
2016-09-30,2016-12-31,0.3,CASH FUND,Bottom-to-Bottom
2016-09-30,2016-12-31,1.04,BNZ KIWISAVER GROWTH FUND,Top-to-Top
2016-09-30,2016-12-31,0.34,NZ CASH FUND,Bottom-to-Bottom
2016-09-30,2016-12-31,0.81,RUSSELL LIFEPOINTS® TARGET DATE 2045 FUND,Top-to-Top
2016-09-30,2016-12-31,0.82,MERCER HIGH GROWTH FUND,Top-to-Top
2016-09-30,2016-12-31,1.08,AMP AGGRESSIVE FUND,Top-to-Top
2016-09-30,2016-12-31,1.03,AMP AUSTRALASIAN SHARES FUND,Bottom-to-Bottom
2016-09-30,2016-12-31,0.98,NIKKO AM CONSERVATIVE FUND,Bottom-to-Bottom
2016-09-30,2016-12-31,1.09,CONSERVATIVE,Bottom-to-Bottom
2016-09-30,2016-12-31,0.93,ASB MODERATE FUND,Bottom-to-Bottom
2016-09-30,2016-12-31,0.68,AMP CASH FUND,Bottom-to-Bottom
2016-09-30,2016-12-31,1.08,AMP RESPONSIBLE INVESTMENT BALANCED FUND,Bottom-to-Bottom
2016-09-30,2016-12-31,0.95,BNZ KIWISAVER BALANCED FUND,Top-to-Top
2016-09-30,2016-12-31,0.98,ANZ CONSERVATIVE FUND,Bottom-to-Bottom
2016-09-30,2016-12-31,0.98,ASB BALANCED FUND,Bottom-to-Bottom
2016-09-30,2016-12-31,1.04,BALANCED,Bottom-to-Bottom
2016-09-30,2016-12-31,1.18,ANZ GROWTH FUND,Bottom-to-Bottom
2016-09-30,2016-12-31,0.32,MERCER CASH FUND,Bottom-to-Bottom
2016-09-30,2016-12-31,0.69,ENHANCED INCOME FUND,Bottom-to-Bottom
2016-09-30,2016-12-31,1.03,ASB GROWTH FUND,Bottom-to-Bottom
2016-09-30,2016-12-31,0.39,NIKKO CASH FUND,Bottom-to-Bottom
2016-09-30,2016-12-31,0.9,MERCER SHARES FUND,Top-to-Top
2016-09-30,2016-12-31,0.98,AMP INCOME GENERATOR FUND,Bottom-to-Bottom
2016-09-30,2016-12-31,0.83,AMP INTERNATIONAL FIXED INTEREST FUND,Bottom-to-Bottom
2016-09-30,2016-12-31,0.81,RUSSELL LIFEPOINTS® GROWTH FUND,Top-to-Top
2016-09-30,2016-12-31,1.43,AMP GLOBAL MULTI-ASSET FUND,Bottom-to-Bottom
2016-09-30,2016-12-31,1.04,GROWTH,Bottom-to-Bottom
2016-09-30,2016-12-31,0.74,RUSSELL LIFEPOINTS® BALANCED FUND,Top-to-Top
2016-09-30,2016-12-31,0.76,RUSSELL LIFEPOINTS® TARGET DATE 2035 FUND,Top-to-Top
2016-09-30,2016-12-31,1.09,QUAYSTREET NEW ZEALAND EQUITY FUND,Top-to-Top
2016-09-30,2016-12-31,0.73,AMP PASSIVE INTERNATIONAL SHARES FUND,Bottom-to-Bottom
2016-09-30,2016-12-31,1.18,NIKKO AM GROWTH FUND,Bottom-to-Bottom
2016-09-30,2016-12-31,1.03,AMP PROPERTY FUND,Bottom-to-Bottom
2016-09-30,2016-12-31,0.38,ANZ CASH FUND,Bottom-to-Bottom
2016-09-30,2016-12-31,1.04,TRANS-TASMAN SHARE FUND,Top-to-Top
2016-09-30,2016-12-31,0.73,AMP NEW ZEALAND FIXED INTEREST FUND,Bottom-to-Bottom
2016-09-30,2016-12-31,1.41,GEARED GROWTH FUND,Top-to-Top
2016-09-30,2016-12-31,1.03,AMP INTERNATIONAL SHARES FUND,Bottom-to-Bottom
2016-12-31,2017-12-31,0.34,NZ CASH FUND,Bottom-to-Bottom
2016-12-31,2017-12-31,0.82,MERCER HIGH GROWTH FUND,Top-to-Top
2016-12-31,2017-12-31,1.19,INTERNATIONAL SHARE FUND,Top-to-Top
2016-12-31,2017-12-31,0.85,LIFESTAGES AUTO OPTION AGE 0,Top-to-Top
2016-12-31,2017-12-31,0.98,ANZ CONSERVATIVE FUND,Bottom-to-Bottom
2016-12-31,2017-12-31,1.17,ASSET CLASS GROWTH FUND,Top-to-Top
2016-12-31,2017-12-31,0.32,MERCER CASH FUND,Bottom-to-Bottom
2016-12-31,2017-12-31,0.69,ENHANCED INCOME FUND,Bottom-to-Bottom
2016-12-31,2017-12-31,0.82,HIGH GROWTH FUND,Top-to-Top
2016-12-31,2017-12-31,0.83,AMP INTERNATIONAL FIXED INTEREST FUND,Bottom-to-Bottom
2016-12-31,2017-12-31,1.43,AMP GLOBAL MULTI-ASSET FUND,Bottom-to-Bottom
2016-12-31,2017-12-31,0.32,CASH FUND,Bottom-to-Bottom
2016-12-31,2017-12-31,0.85,LIFESTAGES HIGH GROWTH FUND,Top-to-Top
2016-12-31,2017-12-31,0.48,PRESERVATION FUND,Bottom-to-Bottom
2016-12-31,2017-12-31,0.77,CAPITAL GUARANTEED FUND,Bottom-to-Bottom
2016-12-31,2017-12-31,1.04,TRANS-TASMAN SHARE FUND,Top-to-Top
2016-12-31,2017-12-31,0.73,AMP NEW ZEALAND FIXED INTEREST FUND,Bottom-to-Bottom
2017-12-31,2018-03-31,0.90,SUMMER GLOBAL EQUITIES,Top-to-Top
2017-12-31,2018-03-31,0.90,MERCER SHARES FUND,Top-to-Top
2017-12-31,2018-03-31,0.55,NEW ZEALAND FIXED INTEREST FUND,Bottom-to-Bottom
2017-12-31,2018-03-31,0.34,NZ CASH FUND,Bottom-to-Bottom
2017-12-31,2018-03-31,1.10,GLIDEPATH AGE 25,Top-to-Top
2017-12-31,2018-03-31,0.82,MERCER HIGH GROWTH FUND,Top-to-Top
2017-12-31,2018-03-31,0.65,CPP FUND NO. 5,Top-to-Top
2017-12-31,2018-03-31,1.19,INTERNATIONAL SHARE FUND,Top-to-Top
2017-12-31,2018-03-31,0.85,CONSERVATIVE FUND,Bottom-to-Bottom
2017-12-31,2018-03-31,0.65,CPP FUND NO. 1,Top-to-Top
2017-12-31,2018-03-31,0.87,AMP CONSERVATIVE FUND (LIFESTEPS),Bottom-to-Bottom
2017-12-31,2018-03-31,0.72,AMP CASH FUND,Bottom-to-Bottom
2017-12-31,2018-03-31,0.75,LIFESTAGES CAPITAL STABLE PORTFOLIO,Bottom-to-Bottom
2017-12-31,2018-03-31,1.10,EQUITY FUND,Top-to-Top
2017-12-31,2018-03-31,0.98,ANZ CONSERVATIVE FUND,Bottom-to-Bottom
2017-12-31,2018-03-31,1.00,FOCUSED GROWTH FUND,Top-to-Top
2017-12-31,2018-03-31,0.67,NIKKO CASH FUND,Bottom-to-Bottom
2017-12-31,2018-03-31,0.48,CASH FUND,Bottom-to-Bottom
2017-12-31,2018-03-31,0.45,CONSERVATIVE FUND,Bottom-to-Bottom
2017-12-31,2018-03-31,1.00,STEPPING STONES 0-35,Top-to-Top
2017-12-31,2018-03-31,1.04,SOCIALLY RESPONSIBLE INVESTMENT GROWTH FUND,Top-to-Top
2017-12-31,2018-03-31,0.75,INTERNATIONAL FIXED INTEREST FUND,Bottom-to-Bottom
2017-12-31,2018-03-31,1.00,STEPPING STONES 36-45 AND STEPPING STONES GROWTH 51-55,Top-to-Top
2017-12-31,2018-03-31,0.32,MERCER CASH FUND,Bottom-to-Bottom
2017-12-31,2018-03-31,0.82,HIGH GROWTH FUND,Top-to-Top
2017-12-31,2018-03-31,0.69,ENHANCED INCOME FUND,Bottom-to-Bottom
2017-12-31,2018-03-31,0.65,LIFESTAGES INCOME FUND,Bottom-to-Bottom
2017-12-31,2018-03-31,0.33,CASH FUND,Bottom-to-Bottom
2017-12-31,2018-03-31,1.00,INTERNATIONAL SHARE FUND,Top-to-Top
2017-12-31,2018-03-31,0.83,AMP INTERNATIONAL FIXED INTEREST FUND,Bottom-to-Bottom
2017-12-31,2018-03-31,0.90,SHARES FUND,Top-to-Top
2017-12-31,2018-03-31,0.63,SUMMER GLOBAL FIXED INTEREST,Bottom-to-Bottom
2017-12-31,2018-03-31,1.43,AMP GLOBAL MULTI-ASSET FUND,Bottom-to-Bottom
2017-12-31,2018-03-31,0.65,CPP FUND NO. 3,Top-to-Top
2017-12-31,2018-03-31,0.87,AMP CONSERVATIVE FUND,Bottom-to-Bottom
2017-12-31,2018-03-31,0.95,INCOME STRATEGY,Bottom-to-Bottom
2017-12-31,2018-03-31,0.65,CPP FUND NO. 2,Top-to-Top
2017-12-31,2018-03-31,1.20,SUSTAINABLE INTERNATIONAL SHARE FUND,Top-to-Top
2017-12-31,2018-03-31,1.00,AUSTRALASIAN SHARE FUND,Top-to-Top
2017-12-31,2018-03-31,0.73,AMP PASSIVE INTERNATIONAL SHARES FUND,Top-to-Top
2017-12-31,2018-03-31,0.90,SUMMER NEW ZEALAND CASH,Bottom-to-Bottom
2017-12-31,2018-03-31,0.32,CASH FUND,Bottom-to-Bottom
2017-12-31,2018-03-31,1.18,NIKKO AM GROWTH FUND,Top-to-Top
2017-12-31,2018-03-31,0.30,CASH FUND,Bottom-to-Bottom
2017-12-31,2018-03-31,0.35,AMP DEFAULT FUND,Bottom-to-Bottom
2017-12-31,2018-03-31,0.48,PRESERVATION FUND,Bottom-to-Bottom
2017-12-31,2018-03-31,0.90,SUMMER NEW ZEALAND EQUITIES,Top-to-Top
2017-12-31,2018-03-31,0.25,BNZ KIWISAVER CASH FUND,Bottom-to-Bottom
2017-12-31,2018-03-31,0.77,CAPITAL GUARANTEED FUND,Bottom-to-Bottom
2017-12-31,2018-03-31,0.65,CPP FUND NO. 4,Top-to-Top
2017-12-31,2018-03-31,0.73,AMP NEW ZEALAND FIXED INTEREST FUND,Bottom-to-Bottom
2017-12-31,2018-03-31,1.03,AMP INTERNATIONAL SHARES FUND,Top-to-Top
2018-03-31,2018-06-30,0.35,NZ TOP 10 ETF FUND,Top-to-Top
2018-03-31,2018-06-30,0.35,NZ DIVIDEND ETF FUND,Bottom-to-Bottom
2018-03-31,2018-06-30,0.55,NEW ZEALAND FIXED INTEREST FUND,Bottom-to-Bottom
2018-03-31,2018-06-30,0.34,NZ CASH FUND,Bottom-to-Bottom
2018-03-31,2018-06-30,0.82,MERCER HIGH GROWTH FUND,Top-to-Top
2018-03-31,2018-06-30,0.35,ASIA PACIFIC ETF FUND,Top-to-Top
2018-03-31,2018-06-30,1.19,INTERNATIONAL SHARE FUND,Top-to-Top
2018-03-31,2018-06-30,0.85,CONSERVATIVE FUND,Bottom-to-Bottom
2018-03-31,2018-06-30,0.87,AMP CONSERVATIVE FUND (LIFESTEPS),Bottom-to-Bottom
2018-03-31,2018-06-30,0.72,AMP CASH FUND,Bottom-to-Bottom
2018-03-31,2018-06-30,0.35,TOTAL WORLD ETF FUND,Top-to-Top
2018-03-31,2018-06-30,0.35,NZ TOP 50 ETF FUND,Top-to-Top
2018-03-31,2018-06-30,0.95,GROWTH FUND,Top-to-Top
2018-03-31,2018-06-30,0.75,LIFESTAGES CAPITAL STABLE PORTFOLIO,Bottom-to-Bottom
2018-03-31,2018-06-30,0.79,CASHPLUS,Bottom-to-Bottom
2018-03-31,2018-06-30,0.67,NIKKO CASH FUND,Bottom-to-Bottom
2018-03-31,2018-06-30,0.35,AUSTRALIAN MID CAP ETF FUND,Top-to-Top
2018-03-31,2018-06-30,0.48,CASH FUND,Bottom-to-Bottom
2018-03-31,2018-06-30,1.03,MILFORD KIWISAVER ACTIVE GROWTH FUND,Top-to-Top
2018-03-31,2018-06-30,0.45,CONSERVATIVE FUND,Bottom-to-Bottom
2018-03-31,2018-06-30,1.04,SOCIALLY RESPONSIBLE INVESTMENT GROWTH FUND,Top-to-Top
2018-03-31,2018-06-30,1.12,QUAYSTREET ALTUM FUND,Top-to-Top
2018-03-31,2018-06-30,0.75,INTERNATIONAL FIXED INTEREST FUND,Bottom-to-Bottom
2018-03-31,2018-06-30,0.35,SUPERLIFE INCOME,Bottom-to-Bottom
2018-03-31,2018-06-30,0.32,MERCER CASH FUND,Bottom-to-Bottom
2018-03-31,2018-06-30,0.69,ENHANCED INCOME FUND,Bottom-to-Bottom
2018-03-31,2018-06-30,0.65,LIFESTAGES INCOME FUND,Bottom-to-Bottom
2018-03-31,2018-06-30,0.33,CASH FUND,Bottom-to-Bottom
2018-03-31,2018-06-30,0.35,SUPERLIFE AGE STEPS,Bottom-to-Bottom
2018-03-31,2018-06-30,0.87,AMP CONSERVATIVE FUND,Bottom-to-Bottom
2018-03-31,2018-06-30,0.95,INCOME STRATEGY,Bottom-to-Bottom
2018-03-31,2018-06-30,0.85,GEMINO FUND,Bottom-to-Bottom
2018-03-31,2018-06-30,0.65,ANZ CASH FUND,Bottom-to-Bottom
2018-03-31,2018-06-30,0.65,CASH,Bottom-to-Bottom
2018-03-31,2018-06-30,0.35,AUSTRALIAN FINANCIALS ETF FUND,Bottom-to-Bottom
2018-03-31,2018-06-30,0.64,QUAYSTREET INCOME FUND,Bottom-to-Bottom
2018-03-31,2018-06-30,0.35,NZ CASH FUND,Bottom-to-Bottom
2018-03-31,2018-06-30,1.03,ASSET CLASS CONSERVATIVE FUND,Bottom-to-Bottom
2018-03-31,2018-06-30,0.35,US LARGE GROWTH ETF FUND,Top-to-Top
2018-03-31,2018-06-30,0.32,CASH FUND,Bottom-to-Bottom
2018-03-31,2018-06-30,0.35,NZ MID CAP ETF FUND,Top-to-Top
2018-03-31,2018-06-30,0.35,AMP DEFAULT FUND,Bottom-to-Bottom
2018-03-31,2018-06-30,1.03,GROWTH,Top-to-Top
2018-03-31,2018-06-30,0.35,AUSTRALIAN RESOURCES ETF FUND,Top-to-Top
2018-03-31,2018-06-30,0.48,PRESERVATION FUND,Bottom-to-Bottom
2018-03-31,2018-06-30,1.12,QUAYSTREET NEW ZEALAND EQUITY FUND,Top-to-Top
2018-03-31,2018-06-30,0.35,OVERSEAS SHARES FUND,Top-to-Top
2018-03-31,2018-06-30,0.77,CAPITAL GUARANTEED FUND,Bottom-to-Bottom
2018-03-31,2018-06-30,0.35,NZ CASH ETF FUND,Bottom-to-Bottom
2018-03-31,2018-06-30,0.35,OVERSEAS NON-GOVERNMENT BONDS FUND,Bottom-to-Bottom
2018-03-31,2018-06-30,0.35,OVERSEAS BONDS FUND,Bottom-to-Bottom
2018-03-31,2018-06-30,0.65,CPP FUND NO. 4,Top-to-Top
2018-03-31,2018-06-30,0.35,GLOBAL BOND ETF FUND,Bottom-to-Bottom
2018-06-30,2018-09-30,1.17,NIKKO AM GROWTH FUND,Top-to-Top
2018-06-30,2018-09-30,0.35,NZ TOP 10 ETF FUND,Top-to-Top
2018-06-30,2018-09-30,0.35,NZ BONDS FUND,Bottom-to-Bottom
2018-06-30,2018-09-30,1.12,QUAYSTREET AUSTRALIAN EQUITY FUND,Top-to-Top
2018-06-30,2018-09-30,0.55,NEW ZEALAND FIXED INTEREST FUND,Bottom-to-Bottom
2018-06-30,2018-09-30,0.72,AMP PASSIVE INTERNATIONAL SHARES FUND,Top-to-Top
2018-06-30,2018-09-30,0.34,NZ CASH FUND,Bottom-to-Bottom
2018-06-30,2018-09-30,1.15,QUAYSTREET INTERNATIONAL EQUITY FUND,Top-to-Top
2018-06-30,2018-09-30,0.35,ASIA PACIFIC ETF FUND,Top-to-Top
2018-06-30,2018-09-30,1.19,INTERNATIONAL SHARE FUND,Top-to-Top
2018-06-30,2018-09-30,0.85,CONSERVATIVE FUND,Bottom-to-Bottom
2018-06-30,2018-09-30,0.64,CPP FUND NO. 5,Top-to-Top
2018-06-30,2018-09-30,0.87,AMP CONSERVATIVE FUND (LIFESTEPS),Bottom-to-Bottom
2018-06-30,2018-09-30,0.72,AMP CASH FUND,Bottom-to-Bottom
2018-06-30,2018-09-30,1.61,MILFORD ACTIVE GROWTH WHOLESALE FUND,Top-to-Top
2018-06-30,2018-09-30,0.35,TOTAL WORLD ETF FUND,Top-to-Top
2018-06-30,2018-09-30,0.35,NZ TOP 50 ETF FUND,Top-to-Top
2018-06-30,2018-09-30,0.95,GROWTH FUND,Top-to-Top
2018-06-30,2018-09-30,1.02,AMP INTERNATIONAL SHARES FUND,Top-to-Top
2018-06-30,2018-09-30,0.75,LIFESTAGES CAPITAL STABLE PORTFOLIO,Bottom-to-Bottom
2018-06-30,2018-09-30,0.85,LIFESTAGES AUTO OPTION AGE 0,Top-to-Top
2018-06-30,2018-09-30,1.09,EQUITY FUND,Top-to-Top
2018-06-30,2018-09-30,0.79,CASHPLUS,Bottom-to-Bottom
2018-06-30,2018-09-30,1.03,GLIDEPATH AGE 40,Top-to-Top
2018-06-30,2018-09-30,0.35,US LARGE VALUE ETF FUND,Top-to-Top
2018-06-30,2018-09-30,0.35,US SMALL ETF FUND,Top-to-Top
2018-06-30,2018-09-30,0.95,RUSSELL LIFEPOINTS® TARGET DATE 2015 FUND,Bottom-to-Bottom
2018-06-30,2018-09-30,0.67,NIKKO CASH FUND,Bottom-to-Bottom
2018-06-30,2018-09-30,0.35,AUSTRALIAN MID CAP ETF FUND,Top-to-Top
2018-06-30,2018-09-30,0.48,CASH FUND,Bottom-to-Bottom
2018-06-30,2018-09-30,0.35,US 500 ETF FUND,Top-to-Top
2018-06-30,2018-09-30,1.03,MILFORD KIWISAVER ACTIVE GROWTH FUND,Top-to-Top
2018-06-30,2018-09-30,0.45,CONSERVATIVE FUND,Bottom-to-Bottom
2018-06-30,2018-09-30,0.82,AMP INTERNATIONAL FIXED INTEREST FUND,Bottom-to-Bottom
2018-06-30,2018-09-30,1.04,SOCIALLY RESPONSIBLE INVESTMENT GROWTH FUND,Top-to-Top
2018-06-30,2018-09-30,0.64,CPP FUND NO. 2,Top-to-Top
2018-06-30,2018-09-30,0.75,INTERNATIONAL FIXED INTEREST FUND,Bottom-to-Bottom
2018-06-30,2018-09-30,0.35,SUPERLIFE INCOME,Bottom-to-Bottom
2018-06-30,2018-09-30,0.69,ENHANCED INCOME FUND,Bottom-to-Bottom
2018-06-30,2018-09-30,0.32,MERCER CASH FUND,Bottom-to-Bottom
2018-06-30,2018-09-30,0.58,SUMMER GLOBAL FIXED INTEREST,Bottom-to-Bottom
2018-06-30,2018-09-30,1.27,LIFECYCLE PROCESS,Top-to-Top
2018-06-30,2018-09-30,0.65,LIFESTAGES INCOME FUND,Bottom-to-Bottom
2018-06-30,2018-09-30,0.33,CASH FUND,Bottom-to-Bottom
2018-06-30,2018-09-30,0.35,SUPERLIFE AGE STEPS,Bottom-to-Bottom
2018-06-30,2018-09-30,0.56,CASH ENHANCED FUND,Bottom-to-Bottom
2018-06-30,2018-09-30,0.87,AMP CONSERVATIVE FUND,Bottom-to-Bottom
2018-06-30,2018-09-30,0.95,INCOME STRATEGY,Bottom-to-Bottom
2018-06-30,2018-09-30,0.65,ANZ CASH FUND,Bottom-to-Bottom
2018-06-30,2018-09-30,0.39,CONSERVATIVE FUND,Bottom-to-Bottom
2018-06-30,2018-09-30,0.64,CPP FUND NO. 3,Top-to-Top
2018-06-30,2018-09-30,0.65,CASH,Bottom-to-Bottom
2018-06-30,2018-09-30,0.35,AUSTRALIAN FINANCIALS ETF FUND,Bottom-to-Bottom
2018-06-30,2018-09-30,0.64,QUAYSTREET INCOME FUND,Bottom-to-Bottom
2018-06-30,2018-09-30,0.35,NZ CASH FUND,Bottom-to-Bottom
2018-06-30,2018-09-30,0.64,CPP FUND NO. 1,Top-to-Top
2018-06-30,2018-09-30,1.03,ASSET CLASS CONSERVATIVE FUND,Bottom-to-Bottom
2018-06-30,2018-09-30,0.35,US LARGE GROWTH ETF FUND,Top-to-Top
2018-06-30,2018-09-30,1.02,AMP AUSTRALASIAN SHARES FUND,Top-to-Top
2018-06-30,2018-09-30,0.32,CASH FUND,Bottom-to-Bottom
2018-06-30,2018-09-30,0.35,US MID CAP ETF FUND,Top-to-Top
2018-06-30,2018-09-30,0.97,ANZ CONSERVATIVE FUND,Bottom-to-Bottom
2018-06-30,2018-09-30,0.35,NZ MID CAP ETF FUND,Top-to-Top
2018-06-30,2018-09-30,0.85,LIFESTAGES HIGH GROWTH FUND,Top-to-Top
2018-06-30,2018-09-30,0.72,AMP NEW ZEALAND FIXED INTEREST FUND,Bottom-to-Bottom
2018-06-30,2018-09-30,1.09,GLIDEPATH AGE 25,Top-to-Top
2018-06-30,2018-09-30,1.42,AMP GLOBAL MULTI-ASSET FUND,Bottom-to-Bottom
2018-06-30,2018-09-30,1.03,GROWTH,Top-to-Top
2018-06-30,2018-09-30,0.35,AUSTRALIAN RESOURCES ETF FUND,Top-to-Top
2018-06-30,2018-09-30,0.48,PRESERVATION FUND,Bottom-to-Bottom
2018-06-30,2018-09-30,1.12,QUAYSTREET NEW ZEALAND EQUITY FUND,Top-to-Top
2018-06-30,2018-09-30,0.35,NZ BOND ETF FUND,Bottom-to-Bottom
2018-06-30,2018-09-30,0.35,OVERSEAS SHARES FUND,Top-to-Top
2018-06-30,2018-09-30,0.64,QUAYSTREET FIXED INTEREST FUND,Bottom-to-Bottom
2018-06-30,2018-09-30,0.77,CAPITAL GUARANTEED FUND,Bottom-to-Bottom
2018-06-30,2018-09-30,0.35,NZ CASH ETF FUND,Bottom-to-Bottom
2018-06-30,2018-09-30,0.35,OVERSEAS NON-GOVERNMENT BONDS FUND,Bottom-to-Bottom
2018-06-30,2018-09-30,0.35,OVERSEAS BONDS FUND,Bottom-to-Bottom
2018-06-30,2018-09-30,0.65,CPP FUND NO. 4,Top-to-Top
2018-06-30,2018-09-30,1.04,TRANS-TASMAN SHARE FUND,Top-to-Top
2018-06-30,2018-09-30,0.35,GLOBAL BOND ETF FUND,Bottom-to-Bottom
2018-09-30,2018-12-31,0.35,NZ TOP 10 ETF FUND,Top-to-Top
2018-09-30,2018-12-31,0.35,EMERGING MARKETS FUND,Bottom-to-Bottom
2018-09-30,2018-12-31,0.35,NZ TOP 50 ETF FUND,Top-to-Top
2018-09-30,2018-12-31,0.35,AUSTRALIAN DIVIDEND ETF FUND,Bottom-to-Bottom
2018-09-30,2018-12-31,0.90,SUMMER LISTED PROPERTY,Top-to-Top
2018-09-30,2018-12-31,0.35,NZ PROPERTY ETF FUND,Top-to-Top
2018-09-30,2018-12-31,0.35,AUSTRALIAN FINANCIALS ETF FUND,Bottom-to-Bottom
2018-09-30,2018-12-31,1.00,AUSTRALASIAN SHARE FUND,Top-to-Top
2018-09-30,2018-12-31,0.35,NZ MID CAP ETF FUND,Top-to-Top
2018-09-30,2018-12-31,1.42,AMP GLOBAL MULTI-ASSET FUND,Bottom-to-Bottom
2018-09-30,2018-12-31,1.12,QUAYSTREET NEW ZEALAND EQUITY FUND,Top-to-Top
2018-09-30,2018-12-31,0.90,SUMMER NEW ZEALAND EQUITIES,Top-to-Top
2018-09-30,2018-12-31,1.00,AUSTRALASIAN PROPERTY FUND,Top-to-Top
2018-12-31,2019-03-31,0.90,SUMMER LISTED PROPERTY,Top-to-Top
2018-12-31,2019-03-31,1.00,STEPPING STONES 46-55 AND STEPPING STONES GROWTH 56-60,Top-to-Top
2018-12-31,2019-03-31,1.27,LIFECYCLE PROCESS,Bottom-to-Bottom
2018-12-31,2019-03-31,1.00,STEPPING STONES 56-60,Top-to-Top
2018-12-31,2019-03-31,1.00,AUSTRALASIAN SHARE FUND,Top-to-Top
2018-12-31,2019-03-31,1.30,GROWTH STRATEGY,Bottom-to-Bottom
2018-12-31,2019-03-31,1.42,AMP GLOBAL MULTI-ASSET FUND,Bottom-to-Bottom
2018-12-31,2019-03-31,0.90,SUMMER NEW ZEALAND EQUITIES,Top-to-Top
2018-12-31,2019-03-31,1.00,AUSTRALASIAN PROPERTY FUND,Top-to-Top
2019-03-31,2019-06-30,0.45,EUROPE FUND,Bottom-to-Bottom
2019-03-31,2019-06-30,1.13,QUAYSTREET NEW ZEALAND EQUITY FUND,Top-to-Top
2019-03-31,2019-06-30,0.46,GLOBAL PROPERTY FUND,Top-to-Top
2019-03-31,2019-06-30,0.55,AUSTRALIAN TOP 20 FUND,Top-to-Top
2019-03-31,2019-06-30,0.34,NZ CASH FUND,Bottom-to-Bottom
2019-03-31,2019-06-30,0.55,NZ MID CAP FUND,Top-to-Top
2019-03-31,2019-06-30,1.17,SOCIALLY RESPONSIBLE INVESTMENT GROWTH FUND,Top-to-Top
2019-03-31,2019-06-30,0.55,AUSTRALIAN MID CAP FUND,Bottom-to-Bottom
2019-03-31,2019-06-30,0.55,AUSTRALIAN PROPERTY FUND,Top-to-Top
2019-03-31,2019-06-30,0.55,NZ DIVIDEND FUND,Top-to-Top
2019-03-31,2019-06-30,1.17,OPTION FUND,Bottom-to-Bottom
2019-03-31,2019-06-30,0.48,US LARGE VALUE FUND,Top-to-Top
2019-03-31,2019-06-30,0.45,ASIA PACIFIC FUND,Bottom-to-Bottom
2019-03-31,2019-06-30,1.00,INTERNATIONAL PROPERTY FUND,Top-to-Top
2019-03-31,2019-06-30,0.95,GROWTH FUND,Top-to-Top
2019-03-31,2019-06-30,0.75,LIFESTAGES CAPITAL STABLE PORTFOLIO,Bottom-to-Bottom
2019-03-31,2019-06-30,1.09,EQUITY FUND,Top-to-Top
2019-03-31,2019-06-30,0.50,BNZ KIWISAVER FIRST HOME BUYER FUND,Bottom-to-Bottom
2019-03-31,2019-06-30,0.62,CASH,Bottom-to-Bottom
2019-03-31,2019-06-30,0.90,SUMMER LISTED PROPERTY,Top-to-Top
2019-03-31,2019-06-30,0.48,US LARGE GROWTH FUND,Top-to-Top
2019-03-31,2019-06-30,0.55,AUSTRALIAN FINANCIALS FUND,Bottom-to-Bottom
2019-03-31,2019-06-30,1.62,AMANAH GROWTH FUND,Top-to-Top
2019-03-31,2019-06-30,1.00,FOCUSED GROWTH FUND,Top-to-Top
2019-03-31,2019-06-30,0.55,EMERGING MARKETS FUND,Bottom-to-Bottom
2019-03-31,2019-06-30,0.48,CASH FUND,Bottom-to-Bottom
2019-03-31,2019-06-30,1.00,STEPPING STONES 0-35,Top-to-Top
2019-03-31,2019-06-30,0.82,AMP INTERNATIONAL FIXED INTEREST FUND,Bottom-to-Bottom
2019-03-31,2019-06-30,1.05,CONSERVATIVE,Bottom-to-Bottom
2019-03-31,2019-06-30,1.00,STEPPING STONES 46-55 AND STEPPING STONES GROWTH 56-60,Top-to-Top
2019-03-31,2019-06-30,0.44,NZ CASH FUND,Bottom-to-Bottom
2019-03-31,2019-06-30,1.13,QUAYSTREET ALTUM FUND,Bottom-to-Bottom
2019-03-31,2019-06-30,0.30,BNZ KIWISAVER CASH FUND,Bottom-to-Bottom
2019-03-31,2019-06-30,1.00,STEPPING STONES 36-45 AND STEPPING STONES GROWTH 51-55,Top-to-Top
2019-03-31,2019-06-30,0.32,MERCER CASH FUND,Bottom-to-Bottom
2019-03-31,2019-06-30,0.55,NZ SHARES FUND,Top-to-Top
2019-03-31,2019-06-30,1.27,LIFECYCLE PROCESS,Bottom-to-Bottom
2019-03-31,2019-06-30,0.58,BNZ KIWISAVER CONSERVATIVE FUND,Bottom-to-Bottom
2019-03-31,2019-06-30,1.22,ASSET CLASS BALANCED FUND,Bottom-to-Bottom
2019-03-31,2019-06-30,0.33,CASH FUND,Bottom-to-Bottom
2019-03-31,2019-06-30,1.00,INTERNATIONAL SHARE FUND,Top-to-Top
2019-03-31,2019-06-30,0.55,NZ TOP 10 FUND,Top-to-Top
2019-03-31,2019-06-30,0.30,GROWTH FUND,Top-to-Top
2019-03-31,2019-06-30,1.17,GLOBAL SHARES FUND,Top-to-Top
2019-03-31,2019-06-30,1.59,GEARED GROWTH FUND,Top-to-Top
2019-03-31,2019-06-30,0.55,NZ TOP 50 FUND,Top-to-Top
2019-03-31,2019-06-30,0.97,CORE EQUITY FUND,Top-to-Top
2019-03-31,2019-06-30,1.21,BALANCED GROWTH FUND,Top-to-Top
2019-03-31,2019-06-30,1.02,AMP PROPERTY FUND,Top-to-Top
2019-03-31,2019-06-30,0.50,SUPERLIFE HIGH GROWTH,Top-to-Top
2019-03-31,2019-06-30,0.65,ANZ CASH FUND,Bottom-to-Bottom
2019-03-31,2019-06-30,0.46,US 500 FUND,Top-to-Top
2019-03-31,2019-06-30,1.26,HIGH GROWTH FUND,Top-to-Top
2019-03-31,2019-06-30,0.50,CONSERVATIVE FUND,Bottom-to-Bottom
2019-03-31,2019-06-30,0.55,AUSTRALIAN RESOURCES FUND,Top-to-Top
2019-03-31,2019-06-30,1.00,STEPPING STONES 56-60,Top-to-Top
2019-03-31,2019-06-30,1.29,ASSET CLASS GROWTH FUND,Bottom-to-Bottom
2019-03-31,2019-06-30,1.00,AUSTRALASIAN SHARE FUND,Top-to-Top
2019-03-31,2019-06-30,1.30,GROWTH STRATEGY,Bottom-to-Bottom
2019-03-31,2019-06-30,0.55,AUSTRALIAN SHARES FUND,Top-to-Top
2019-03-31,2019-06-30,0.90,SUMMER NEW ZEALAND CASH,Bottom-to-Bottom
2019-03-31,2019-06-30,1.02,AMP AUSTRALASIAN SHARES FUND,Top-to-Top
2019-03-31,2019-06-30,0.32,CASH FUND,Bottom-to-Bottom
2019-03-31,2019-06-30,0.74,DEFAULT,Bottom-to-Bottom
2019-03-31,2019-06-30,0.30,CASH FUND,Bottom-to-Bottom
2019-03-31,2019-06-30,0.97,ANZ CONSERVATIVE FUND,Bottom-to-Bottom
2019-03-31,2019-06-30,1.13,QUAYSTREET AUSTRALIAN EQUITY FUND,Bottom-to-Bottom
2019-03-31,2019-06-30,0.46,NZ CASH FUND,Bottom-to-Bottom
2019-03-31,2019-06-30,1.42,AMP GLOBAL MULTI-ASSET FUND,Bottom-to-Bottom
2019-03-31,2019-06-30,1.09,GLIDEPATH AGE 25,Top-to-Top
2019-03-31,2019-06-30,0.95,GLIDEPATH AGE 30,Top-to-Top
2019-03-31,2019-06-30,0.35,AMP DEFAULT FUND,Bottom-to-Bottom
2019-03-31,2019-06-30,0.82,ENHANCED INCOME FUND,Bottom-to-Bottom
2019-03-31,2019-06-30,1.15,ASSET CLASS CONSERVATIVE FUND,Bottom-to-Bottom
2019-03-31,2019-06-30,0.48,NZ CASH ETF FUND,Bottom-to-Bottom
2019-03-31,2019-06-30,0.48,PRESERVATION FUND,Bottom-to-Bottom
2019-03-31,2019-06-30,0.50,SUPERLIFE AGE STEPS,Top-to-Top
2019-03-31,2019-06-30,0.45,UK CASH FUND,Bottom-to-Bottom
2019-03-31,2019-06-30,0.90,SUMMER NEW ZEALAND EQUITIES,Top-to-Top
2019-03-31,2019-06-30,0.65,QUAYSTREET FIXED INTEREST FUND,Bottom-to-Bottom
2019-03-31,2019-06-30,0.89,QUAYSTREET SOCIALLY RESPONSIBLE INVESTMENT FUND,Bottom-to-Bottom
2019-03-31,2019-06-30,0.77,CASHPLUS,Bottom-to-Bottom
2019-03-31,2019-06-30,0.55,NZ PROPERTY FUND,Top-to-Top
2019-03-31,2019-06-30,0.90,CAPITAL GUARANTEED FUND,Bottom-to-Bottom
2019-03-31,2019-06-30,1.17,TRANS-TASMAN SHARE FUND,Top-to-Top
2019-03-31,2019-06-30,1.00,AUSTRALASIAN PROPERTY FUND,Top-to-Top
2019-06-30,2019-12-31,1.13,QUAYSTREET NEW ZEALAND EQUITY FUND,Top-to-Top
2019-06-30,2019-12-31,0.46,GLOBAL PROPERTY FUND,Top-to-Top
2019-06-30,2019-12-31,0.34,NZ CASH FUND,Bottom-to-Bottom
2019-06-30,2019-12-31,0.55,NZ MID CAP FUND,Top-to-Top
2019-06-30,2019-12-31,1.17,SOCIALLY RESPONSIBLE INVESTMENT GROWTH FUND,Top-to-Top
2019-06-30,2019-12-31,0.66,NIKKO CASH FUND,Bottom-to-Bottom
2019-06-30,2019-12-31,1.17,OPTION FUND,Bottom-to-Bottom
2019-06-30,2019-12-31,0.64,CPP FUND NO. 5,Top-to-Top
2019-06-30,2019-12-31,0.48,US LARGE VALUE FUND,Top-to-Top
2019-06-30,2019-12-31,1.00,INTERNATIONAL PROPERTY FUND,Top-to-Top
2019-06-30,2019-12-31,0.95,GROWTH FUND,Top-to-Top
2019-06-30,2019-12-31,0.75,LIFESTAGES CAPITAL STABLE PORTFOLIO,Bottom-to-Bottom
2019-06-30,2019-12-31,1.09,EQUITY FUND,Top-to-Top
2019-06-30,2019-12-31,0.64,CPP FUND NO. 4,Top-to-Top
2019-06-30,2019-12-31,0.50,BNZ KIWISAVER FIRST HOME BUYER FUND,Bottom-to-Bottom
2019-06-30,2019-12-31,0.62,CASH,Bottom-to-Bottom
2019-06-30,2019-12-31,0.90,SUMMER LISTED PROPERTY,Top-to-Top
2019-06-30,2019-12-31,0.48,US LARGE GROWTH FUND,Top-to-Top
2019-06-30,2019-12-31,1.62,AMANAH GROWTH FUND,Top-to-Top
2019-06-30,2019-12-31,1.00,FOCUSED GROWTH FUND,Top-to-Top
2019-06-30,2019-12-31,0.48,CASH FUND,Bottom-to-Bottom
2019-06-30,2019-12-31,1.00,STEPPING STONES 0-35,Top-to-Top
2019-06-30,2019-12-31,0.82,AMP INTERNATIONAL FIXED INTEREST FUND,Bottom-to-Bottom
2019-06-30,2019-12-31,1.05,CONSERVATIVE,Bottom-to-Bottom
2019-06-30,2019-12-31,0.44,NZ CASH FUND,Bottom-to-Bottom
2019-06-30,2019-12-31,0.30,BNZ KIWISAVER CASH FUND,Bottom-to-Bottom
2019-06-30,2019-12-31,0.32,MERCER CASH FUND,Bottom-to-Bottom
2019-06-30,2019-12-31,0.55,NZ SHARES FUND,Top-to-Top
2019-06-30,2019-12-31,0.58,BNZ KIWISAVER CONSERVATIVE FUND,Bottom-to-Bottom
2019-06-30,2019-12-31,0.33,CASH FUND,Bottom-to-Bottom
2019-06-30,2019-12-31,0.73,AMP CASH FUND,Bottom-to-Bottom
2019-06-30,2019-12-31,1.00,INTERNATIONAL SHARE FUND,Top-to-Top
2019-06-30,2019-12-31,0.55,NZ TOP 10 FUND,Top-to-Top
2019-06-30,2019-12-31,1.17,GLOBAL SHARES FUND,Top-to-Top
2019-06-30,2019-12-31,1.59,GEARED GROWTH FUND,Top-to-Top
2019-06-30,2019-12-31,0.55,NZ TOP 50 FUND,Top-to-Top
2019-06-30,2019-12-31,0.97,CORE EQUITY FUND,Top-to-Top
2019-06-30,2019-12-31,1.02,AMP PROPERTY FUND,Top-to-Top
2019-06-30,2019-12-31,0.50,SUPERLIFE HIGH GROWTH,Top-to-Top
2019-06-30,2019-12-31,0.65,ANZ CASH FUND,Bottom-to-Bottom
2019-06-30,2019-12-31,0.46,US 500 FUND,Top-to-Top
2019-06-30,2019-12-31,1.26,HIGH GROWTH FUND,Top-to-Top
2019-06-30,2019-12-31,0.50,CONSERVATIVE FUND,Bottom-to-Bottom
2019-06-30,2019-12-31,0.65,QUAYSTREET CONSERVATIVE FUND,Bottom-to-Bottom
2019-06-30,2019-12-31,0.55,AUSTRALIAN RESOURCES FUND,Top-to-Top
2019-06-30,2019-12-31,1.00,AUSTRALASIAN SHARE FUND,Top-to-Top
2019-06-30,2019-12-31,0.90,SUMMER NEW ZEALAND CASH,Bottom-to-Bottom
2019-06-30,2019-12-31,1.02,AMP AUSTRALASIAN SHARES FUND,Top-to-Top
2019-06-30,2019-12-31,0.32,CASH FUND,Bottom-to-Bottom
2019-06-30,2019-12-31,0.74,DEFAULT,Bottom-to-Bottom
2019-06-30,2019-12-31,0.97,ANZ CONSERVATIVE FUND,Bottom-to-Bottom
2019-06-30,2019-12-31,0.30,CASH FUND,Bottom-to-Bottom
2019-06-30,2019-12-31,0.46,NZ CASH FUND,Bottom-to-Bottom
2019-06-30,2019-12-31,1.42,AMP GLOBAL MULTI-ASSET FUND,Bottom-to-Bottom
2019-06-30,2019-12-31,1.09,GLIDEPATH AGE 25,Top-to-Top
2019-06-30,2019-12-31,0.95,GLIDEPATH AGE 30,Top-to-Top
2019-06-30,2019-12-31,0.35,AMP DEFAULT FUND,Bottom-to-Bottom
2019-06-30,2019-12-31,0.82,ENHANCED INCOME FUND,Bottom-to-Bottom
2019-06-30,2019-12-31,0.54,LIFESTAGES INCOME FUND,Bottom-to-Bottom
2019-06-30,2019-12-31,0.48,PRESERVATION FUND,Bottom-to-Bottom
2019-06-30,2019-12-31,0.50,SUPERLIFE AGE STEPS,Top-to-Top
2019-06-30,2019-12-31,0.45,UK CASH FUND,Bottom-to-Bottom
2019-06-30,2019-12-31,0.90,SUMMER NEW ZEALAND EQUITIES,Top-to-Top
2019-06-30,2019-12-31,0.65,QUAYSTREET FIXED INTEREST FUND,Bottom-to-Bottom
2019-06-30,2019-12-31,0.77,CASHPLUS,Bottom-to-Bottom
2019-06-30,2019-12-31,0.55,NZ PROPERTY FUND,Top-to-Top
2019-06-30,2019-12-31,0.90,CAPITAL GUARANTEED FUND,Bottom-to-Bottom
2019-06-30,2019-12-31,1.17,TRANS-TASMAN SHARE FUND,Top-to-Top
2019-06-30,2019-12-31,1.00,AUSTRALASIAN PROPERTY FUND,Top-to-Top
2019-12-31,2020-03-31,0.90,SUMMER GLOBAL EQUITIES,Top-to-Top
2019-12-31,2020-03-31,1.17,OPTION FUND,Bottom-to-Bottom
2019-12-31,2020-03-31,1.15,SUSTAINABLE INTERNATIONAL SHARE FUND,Top-to-Top
2019-12-31,2020-03-31,0.48,US LARGE GROWTH FUND,Top-to-Top
2019-12-31,2020-03-31,1.62,AMANAH GROWTH FUND,Top-to-Top
2019-12-31,2020-03-31,1.00,INTERNATIONAL SHARE FUND,Top-to-Top
2019-12-31,2020-03-31,0.55,NZ TOP 10 FUND,Top-to-Top
2019-12-31,2020-03-31,1.17,GLOBAL SHARES FUND,Top-to-Top
2019-12-31,2020-03-31,0.46,US 500 FUND,Top-to-Top
2019-12-31,2020-03-31,1.42,AMP GLOBAL MULTI-ASSET FUND,Bottom-to-Bottom
2020-03-31,2020-06-30,0.55,AUSTRALIAN DIVIDEND FUND,Bottom-to-Bottom
2020-03-31,2020-06-30,0.45,EUROPE FUND,Bottom-to-Bottom
2020-03-31,2020-06-30,0.90,SUMMER GLOBAL EQUITIES,Top-to-Top
2020-03-31,2020-06-30,0.46,GLOBAL PROPERTY FUND,Bottom-to-Bottom
2020-03-31,2020-06-30,1.17,QUAYSTREET INTERNATIONAL EQUITY FUND,Top-to-Top
2020-03-31,2020-06-30,0.55,NEW ZEALAND FIXED INTEREST FUND,Top-to-Top
2020-03-31,2020-06-30,0.55,AUSTRALIAN TOP 20 FUND,Bottom-to-Bottom
2020-03-31,2020-06-30,0.55,NZ MID CAP FUND,Bottom-to-Bottom
2020-03-31,2020-06-30,0.55,AUSTRALIAN PROPERTY FUND,Bottom-to-Bottom
2020-03-31,2020-06-30,0.55,NZ DIVIDEND FUND,Bottom-to-Bottom
2020-03-31,2020-06-30,1.17,OPTION FUND,Bottom-to-Bottom
2020-03-31,2020-06-30,1.10,GROWTH STRATEGY,Bottom-to-Bottom
2020-03-31,2020-06-30,1.00,INTERNATIONAL PROPERTY FUND,Bottom-to-Bottom
2020-03-31,2020-06-30,0.35,JUNO GROWTH FUND,Top-to-Top
2020-03-31,2020-06-30,1.15,SUSTAINABLE INTERNATIONAL SHARE FUND,Top-to-Top
2020-03-31,2020-06-30,0.48,SUPERLIFE AGE STEPS,Bottom-to-Bottom
2020-03-31,2020-06-30,1.15,QUAYSTREET NEW ZEALAND EQUITY FUND,Top-to-Top
2020-03-31,2020-06-30,0.90,SUMMER LISTED PROPERTY,Bottom-to-Bottom
2020-03-31,2020-06-30,0.48,US LARGE GROWTH FUND,Top-to-Top
2020-03-31,2020-06-30,0.55,AUSTRALIAN FINANCIALS FUND,Bottom-to-Bottom
2020-03-31,2020-06-30,0.55,EMERGING MARKETS FUND,Bottom-to-Bottom
2020-03-31,2020-06-30,1.17,SOCIALLY RESPONSIBLE INVESTMENT HIGH GROWTH FUND,Top-to-Top
2020-03-31,2020-06-30,0.75,INTERNATIONAL FIXED INTEREST FUND,Top-to-Top
2020-03-31,2020-06-30,1.14,QUAYSTREET AUSTRALIAN EQUITY FUND,Bottom-to-Bottom
2020-03-31,2020-06-30,0.55,NZ SHARES FUND,Bottom-to-Bottom
2020-03-31,2020-06-30,1.22,ASSET CLASS BALANCED FUND,Bottom-to-Bottom
2020-03-31,2020-06-30,1.00,INTERNATIONAL SHARE FUND,Top-to-Top
2020-03-31,2020-06-30,0.55,NZ TOP 10 FUND,Top-to-Top
2020-03-31,2020-06-30,1.17,GLOBAL SHARES FUND,Top-to-Top
2020-03-31,2020-06-30,0.55,NZ TOP 50 FUND,Bottom-to-Bottom
2020-03-31,2020-06-30,0.49,NZ BONDS FUND,Top-to-Top
2020-03-31,2020-06-30,0.49,SUPERLIFE AGE STEPS,Bottom-to-Bottom
2020-03-31,2020-06-30,0.49,SUPERLIFE AGE STEPS,Bottom-to-Bottom
2020-03-31,2020-06-30,0.46,US 500 FUND,Top-to-Top
2020-03-31,2020-06-30,0.55,AUSTRALIAN RESOURCES FUND,Bottom-to-Bottom
2020-03-31,2020-06-30,1.29,ASSET CLASS GROWTH FUND,Bottom-to-Bottom
2020-03-31,2020-06-30,1.17,SOCIALLY RESPONSIBLE INVESTMENT BALANCED FUND,Top-to-Top
2020-03-31,2020-06-30,1.09,LIFECYCLE,Bottom-to-Bottom
2020-03-31,2020-06-30,0.55,AUSTRALIAN SHARES FUND,Bottom-to-Bottom
2020-03-31,2020-06-30,0.82,NZ CORPORATE BOND FUND,Top-to-Top
2020-03-31,2020-06-30,0.90,SUMMER AUSTRALIAN EQUITIES,Bottom-to-Bottom
2020-03-31,2020-06-30,0.47,OVERSEAS SHARES (CURRENCY HEDGED) FUND,Bottom-to-Bottom
2020-03-31,2020-06-30,0.34,JUNO BALANCED FUND,Top-to-Top
2020-03-31,2020-06-30,0.50,SUPERLIFE AGE STEPS,Bottom-to-Bottom
2020-03-31,2020-06-30,0.42,JUNO CONSERVATIVE FUND,Top-to-Top
2020-03-31,2020-06-30,0.48,US SMALL CAP FUND,Bottom-to-Bottom
2020-03-31,2020-06-30,1.00,AUSTRALASIAN PROPERTY FUND,Bottom-to-Bottom
2020-03-31,2020-06-30,0.49,SUPERLIFE AGE STEPS,Bottom-to-Bottom
2020-06-30,2020-09-30,0.62,CPP FUND NO. 4,Top-to-Top
2020-06-30,2020-09-30,0.90,SUMMER GLOBAL EQUITIES,Top-to-Top
2020-06-30,2020-09-30,0.80,LIFESTAGES AUTO OPTION AGE 0,Bottom-to-Bottom
2020-06-30,2020-09-30,0.75,LIFESTAGES AUTO OPTION AGE 35,Bottom-to-Bottom
2020-06-30,2020-09-30,1.09,AMP ETHICAL BALANCED FUND,Bottom-to-Bottom
2020-06-30,2020-09-30,1.04,AMP GROWTH FUND (LIFESTEPS),Bottom-to-Bottom
2020-06-30,2020-09-30,0.26,CONSERVATIVE FUND,Top-to-Top
2020-06-30,2020-09-30,0.99,GROWTH FUND,Top-to-Top
2020-06-30,2020-09-30,0.88,GLIDEPATH AGE 55,Top-to-Top
2020-06-30,2020-09-30,1.04,MILFORD KIWISAVER BALANCED FUND,Top-to-Top
2020-06-30,2020-09-30,1.17,OPTION FUND,Bottom-to-Bottom
2020-06-30,2020-09-30,1.39,AMANAH GROWTH FUND,Top-to-Top
2020-06-30,2020-09-30,1.16,BALANCED FUND,Top-to-Top
2020-06-30,2020-09-30,1.03,AMP BALANCED FUND,Bottom-to-Bottom
2020-06-30,2020-09-30,0.97,BALANCED,Top-to-Top
2020-06-30,2020-09-30,1.44,AMP GLOBAL MULTI-ASSET FUND,Bottom-to-Bottom
2020-06-30,2020-09-30,1.00,INTERNATIONAL PROPERTY FUND,Bottom-to-Bottom
2020-06-30,2020-09-30,1.02,GROWTH,Top-to-Top
2020-06-30,2020-09-30,0.35,JUNO GROWTH FUND,Top-to-Top
2020-06-30,2020-09-30,1.15,SUSTAINABLE INTERNATIONAL SHARE FUND,Top-to-Top
2020-06-30,2020-09-30,1.09,EQUITY FUND,Top-to-Top
2020-06-30,2020-09-30,1.15,QUAYSTREET NEW ZEALAND EQUITY FUND,Top-to-Top
2020-06-30,2020-09-30,0.28,BALANCED FUND,Top-to-Top
2020-06-30,2020-09-30,0.90,SUMMER LISTED PROPERTY,Bottom-to-Bottom
2020-06-30,2020-09-30,0.82,ENHANCED CASH FUND,Bottom-to-Bottom
2020-06-30,2020-09-30,1.27,SHIELDED GROWTH FUND,Top-to-Top
2020-06-30,2020-09-30,0.80,LIFESTAGES HIGH GROWTH FUND,Bottom-to-Bottom
2020-06-30,2020-09-30,1.17,SOCIALLY RESPONSIBLE INVESTMENT HIGH GROWTH FUND,Top-to-Top
2020-06-30,2020-09-30,0.62,BNZ KIWISAVER BALANCED FUND,Top-to-Top
2020-06-30,2020-09-30,1.57,GEARED GROWTH FUND,Top-to-Top
2020-06-30,2020-09-30,0.90,GLIDEPATH AGE 60,Top-to-Top
2020-06-30,2020-09-30,1.14,QUAYSTREET AUSTRALIAN EQUITY FUND,Bottom-to-Bottom
2020-06-30,2020-09-30,0.28,GUARANTEED INCOME FUND,Top-to-Top
2020-06-30,2020-09-30,1.04,AMP GROWTH FUND,Bottom-to-Bottom
2020-06-30,2020-09-30,1.22,ASSET CLASS BALANCED FUND,Bottom-to-Bottom
2020-06-30,2020-09-30,1.00,INTERNATIONAL SHARE FUND,Top-to-Top
2020-06-30,2020-09-30,1.32,INTERNATIONAL SHARE FUND,Top-to-Top
2020-06-30,2020-09-30,0.64,ANZ CASH FUND,Bottom-to-Bottom
2020-06-30,2020-09-30,1.17,GLOBAL SHARES FUND,Top-to-Top
2020-06-30,2020-09-30,1.14,AMP AGGRESSIVE FUND,Bottom-to-Bottom
2020-06-30,2020-09-30,0.97,CORE EQUITY FUND,Top-to-Top
2020-06-30,2020-09-30,0.63,BNZ KIWISAVER GROWTH FUND,Top-to-Top
2020-06-30,2020-09-30,0.71,LIFESTAGES AUTO OPTION AGE 45,Bottom-to-Bottom
2020-06-30,2020-09-30,1.21,BALANCED GROWTH FUND,Top-to-Top
2020-06-30,2020-09-30,0.51,AMP CASH FUND,Bottom-to-Bottom
2020-06-30,2020-09-30,1.26,HIGH GROWTH FUND,Top-to-Top
2020-06-30,2020-09-30,0.62,CPP FUND NO. 5,Top-to-Top
2020-06-30,2020-09-30,0.28,GROWTH FUND,Top-to-Top
2020-06-30,2020-09-30,1.29,ASSET CLASS GROWTH FUND,Bottom-to-Bottom
2020-06-30,2020-09-30,0.35,NZ CASH FUND,Bottom-to-Bottom
2020-06-30,2020-09-30,1.00,AUSTRALASIAN SHARE FUND,Top-to-Top
2020-06-30,2020-09-30,1.17,SOCIALLY RESPONSIBLE INVESTMENT BALANCED FUND,Top-to-Top
2020-06-30,2020-09-30,0.92,BALANCED STRATEGY,Top-to-Top
2020-06-30,2020-09-30,0.66,QUAYSTREET INCOME FUND,Bottom-to-Bottom
2020-06-30,2020-09-30,0.32,CASH FUND,Bottom-to-Bottom
2020-06-30,2020-09-30,0.90,SUMMER AUSTRALIAN EQUITIES,Bottom-to-Bottom
2020-06-30,2020-09-30,0.72,SUMMER NEW ZEALAND CASH,Bottom-to-Bottom
2020-06-30,2020-09-30,1.02,GLIDEPATH AGE 40,Top-to-Top
2020-06-30,2020-09-30,1.03,AMP PROPERTY FUND,Bottom-to-Bottom
2020-06-30,2020-09-30,0.96,GROWTH FUND,Top-to-Top
2020-06-30,2020-09-30,0.87,BALANCED FUND,Top-to-Top
2020-06-30,2020-09-30,1.09,GLIDEPATH AGE 25,Top-to-Top
2020-06-30,2020-09-30,1.15,ASSET CLASS CONSERVATIVE FUND,Bottom-to-Bottom
2020-06-30,2020-09-30,1.03,AMP BALANCED FUND (LIFESTEPS),Bottom-to-Bottom
2020-06-30,2020-09-30,1.14,AMP AGGRESSIVE FUND (LIFESTEPS),Bottom-to-Bottom
2020-06-30,2020-09-30,0.34,JUNO BALANCED FUND,Top-to-Top
2020-06-30,2020-09-30,0.90,SUMMER NEW ZEALAND EQUITIES,Top-to-Top
2020-06-30,2020-09-30,0.42,JUNO CONSERVATIVE FUND,Top-to-Top
2020-06-30,2020-09-30,0.96,GLIDEPATH AGE 30,Top-to-Top
2020-06-30,2020-09-30,0.90,CAPITAL GUARANTEED FUND,Bottom-to-Bottom
2020-06-30,2020-09-30,1.00,AUSTRALASIAN PROPERTY FUND,Bottom-to-Bottom
2020-06-30,2020-09-30,0.86,CONSERVATIVE,Top-to-Top
2020-06-30,2020-09-30,1.15,QUAYSTREET ALTUM FUND,Top-to-Top
2020-06-30,2020-09-30,0.95,GLIDEPATH AGE 50,Top-to-Top
2020-09-30,2020-12-31,0.62,CPP FUND NO. 4,Top-to-Top
2020-09-30,2020-12-31,0.62,BALANCED FUND,Top-to-Top
2020-09-30,2020-12-31,0.90,SUMMER GLOBAL EQUITIES,Top-to-Top
2020-09-30,2020-12-31,0.56,US LARGE VALUE FUND,Bottom-to-Bottom
2020-09-30,2020-12-31,0.65,NIKKO CASH FUND,Bottom-to-Bottom
2020-09-30,2020-12-31,0.72,BALANCED FUND,Top-to-Top
2020-09-30,2020-12-31,1.09,AMP ETHICAL BALANCED FUND,Bottom-to-Bottom
2020-09-30,2020-12-31,0.58,AUSTRALIAN DIVIDEND FUND,Bottom-to-Bottom
2020-09-30,2020-12-31,1.20,NIKKO BALANCED FUND,Top-to-Top
2020-09-30,2020-12-31,0.99,GROWTH FUND,Top-to-Top
2020-09-30,2020-12-31,0.88,GLIDEPATH AGE 55,Top-to-Top
2020-09-30,2020-12-31,1.04,MILFORD KIWISAVER BALANCED FUND,Top-to-Top
2020-09-30,2020-12-31,1.17,OPTION FUND,Bottom-to-Bottom
2020-09-30,2020-12-31,1.39,AMANAH GROWTH FUND,Top-to-Top
2020-09-30,2020-12-31,1.10,GROWTH STRATEGY,Top-to-Top
2020-09-30,2020-12-31,0.58,AUSTRALIAN PROPERTY FUND,Bottom-to-Bottom
2020-09-30,2020-12-31,0.97,BALANCED,Top-to-Top
2020-09-30,2020-12-31,1.44,AMP GLOBAL MULTI-ASSET FUND,Bottom-to-Bottom
2020-09-30,2020-12-31,1.00,INTERNATIONAL PROPERTY FUND,Bottom-to-Bottom
2020-09-30,2020-12-31,1.02,GROWTH,Top-to-Top
2020-09-30,2020-12-31,1.04,MILFORD KIWISAVER ACTIVE GROWTH FUND,Top-to-Top
2020-09-30,2020-12-31,0.35,JUNO GROWTH FUND,Top-to-Top
2020-09-30,2020-12-31,1.15,SUSTAINABLE INTERNATIONAL SHARE FUND,Top-to-Top
2020-09-30,2020-12-31,1.09,EQUITY FUND,Top-to-Top
2020-09-30,2020-12-31,1.15,QUAYSTREET NEW ZEALAND EQUITY FUND,Top-to-Top
2020-09-30,2020-12-31,0.28,BALANCED FUND,Top-to-Top
2020-09-30,2020-12-31,0.82,ENHANCED CASH FUND,Bottom-to-Bottom
2020-09-30,2020-12-31,1.27,SHIELDED GROWTH FUND,Top-to-Top
2020-09-30,2020-12-31,1.17,SOCIALLY RESPONSIBLE INVESTMENT HIGH GROWTH FUND,Top-to-Top
2020-09-30,2020-12-31,0.51,NZ CASH FUND,Bottom-to-Bottom
2020-09-30,2020-12-31,1.57,GEARED GROWTH FUND,Top-to-Top
2020-09-30,2020-12-31,0.30,BNZ KIWISAVER CASH FUND,Bottom-to-Bottom
2020-09-30,2020-12-31,0.27,CASH FUND,Bottom-to-Bottom
2020-09-30,2020-12-31,0.32,MERCER CASH FUND,Bottom-to-Bottom
2020-09-30,2020-12-31,0.97,GROWTH FUND,Top-to-Top
2020-09-30,2020-12-31,1.14,QUAYSTREET AUSTRALIAN EQUITY FUND,Bottom-to-Bottom
2020-09-30,2020-12-31,1.22,ASSET CLASS BALANCED FUND,Bottom-to-Bottom
2020-09-30,2020-12-31,1.00,INTERNATIONAL SHARE FUND,Top-to-Top
2020-09-30,2020-12-31,0.64,ANZ CASH FUND,Bottom-to-Bottom
2020-09-30,2020-12-31,0.48,UK CASH FUND,Bottom-to-Bottom
2020-09-30,2020-12-31,1.17,GLOBAL SHARES FUND,Top-to-Top
2020-09-30,2020-12-31,0.97,CORE EQUITY FUND,Top-to-Top
2020-09-30,2020-12-31,0.63,BNZ KIWISAVER GROWTH FUND,Top-to-Top
2020-09-30,2020-12-31,1.21,BALANCED GROWTH FUND,Top-to-Top
2020-09-30,2020-12-31,0.58,AUSTRALIAN FINANCIALS FUND,Bottom-to-Bottom
2020-09-30,2020-12-31,1.00,POSITIVE IMPACT FUND,Top-to-Top
2020-09-30,2020-12-31,0.58,AUSTRALIAN TOP 20 FUND,Bottom-to-Bottom
2020-09-30,2020-12-31,0.51,AMP CASH FUND,Bottom-to-Bottom
2020-09-30,2020-12-31,1.26,HIGH GROWTH FUND,Top-to-Top
2020-09-30,2020-12-31,0.62,CPP FUND NO. 5,Top-to-Top
2020-09-30,2020-12-31,1.11,MILFORD KIWISAVER AGGRESSIVE FUND,Top-to-Top
2020-09-30,2020-12-31,0.28,GROWTH FUND,Top-to-Top
2020-09-30,2020-12-31,0.57,GLOBAL PROPERTY FUND,Bottom-to-Bottom
2020-09-30,2020-12-31,1.29,ASSET CLASS GROWTH FUND,Bottom-to-Bottom
2020-09-30,2020-12-31,0.35,NZ CASH FUND,Bottom-to-Bottom
2020-09-30,2020-12-31,0.58,EUROPE FUND,Bottom-to-Bottom
2020-09-30,2020-12-31,1.00,AUSTRALASIAN SHARE FUND,Top-to-Top
2020-09-30,2020-12-31,1.19,NIKKO AM GROWTH FUND,Top-to-Top
2020-09-30,2020-12-31,0.57,OVERSEAS SHARES (CURRENCY HEDGED) FUND,Bottom-to-Bottom
2020-09-30,2020-12-31,1.08,NIKKO AM BALANCED FUND,Top-to-Top
2020-09-30,2020-12-31,0.99,AMP INCOME GENERATOR FUND,Bottom-to-Bottom
2020-09-30,2020-12-31,1.17,SOCIALLY RESPONSIBLE INVESTMENT BALANCED FUND,Top-to-Top
2020-09-30,2020-12-31,1.09,LIFECYCLE,Top-to-Top
2020-09-30,2020-12-31,1.25,CARESAVER GROWTH FUND,Top-to-Top
2020-09-30,2020-12-31,0.92,BALANCED STRATEGY,Top-to-Top
2020-09-30,2020-12-31,0.66,QUAYSTREET INCOME FUND,Bottom-to-Bottom
2020-09-30,2020-12-31,0.32,CASH FUND,Bottom-to-Bottom
2020-09-30,2020-12-31,0.58,NZ TOP 10 FUND,Top-to-Top
2020-09-30,2020-12-31,0.72,SUMMER NEW ZEALAND CASH,Bottom-to-Bottom
2020-09-30,2020-12-31,1.02,GLIDEPATH AGE 40,Top-to-Top
2020-09-30,2020-12-31,1.03,AMP PROPERTY FUND,Bottom-to-Bottom
2020-09-30,2020-12-31,0.96,GROWTH FUND,Top-to-Top
2020-09-30,2020-12-31,0.87,BALANCED FUND,Top-to-Top
2020-09-30,2020-12-31,1.09,GLIDEPATH AGE 25,Top-to-Top
2020-09-30,2020-12-31,0.56,US LARGE GROWTH FUND,Top-to-Top
2020-09-30,2020-12-31,1.15,ASSET CLASS CONSERVATIVE FUND,Bottom-to-Bottom
2020-09-30,2020-12-31,1.10,CARESAVER BALANCED FUND,Top-to-Top
2020-09-30,2020-12-31,0.48,PRESERVATION FUND,Bottom-to-Bottom
2020-09-30,2020-12-31,0.34,JUNO BALANCED FUND,Top-to-Top
2020-09-30,2020-12-31,1.03,MILFORD ACTIVE GROWTH WHOLESALE FUND,Top-to-Top
2020-09-30,2020-12-31,0.90,SUMMER NEW ZEALAND EQUITIES,Top-to-Top
2020-09-30,2020-12-31,0.96,GLIDEPATH AGE 30,Top-to-Top
2020-09-30,2020-12-31,0.90,CAPITAL GUARANTEED FUND,Bottom-to-Bottom
2020-09-30,2020-12-31,1.15,QUAYSTREET ALTUM FUND,Top-to-Top
2020-09-30,2020-12-31,0.95,GLIDEPATH AGE 50,Top-to-Top
2020-12-31,2021-03-31,0.62,CPP FUND NO. 4,Top-to-Top
2020-12-31,2021-03-31,0.74,CASHPLUS,Bottom-to-Bottom
2020-12-31,2021-03-31,0.65,NIKKO CASH FUND,Bottom-to-Bottom
2020-12-31,2021-03-31,0.90,MERCER SHARES FUND,Top-to-Top
2020-12-31,2021-03-31,0.53,US EQUITIES FUND,Top-to-Top
2020-12-31,2021-03-31,0.62,LIFESTAGES AUTO OPTION AGE 65+,Bottom-to-Bottom
2020-12-31,2021-03-31,1.17,OPTION FUND,Bottom-to-Bottom
2020-12-31,2021-03-31,1.10,GROWTH STRATEGY,Top-to-Top
2020-12-31,2021-03-31,0.51,BNZ KIWISAVER CONSERVATIVE FUND,Bottom-to-Bottom
2020-12-31,2021-03-31,0.58,NZ SHARES FUND,Top-to-Top
2020-12-31,2021-03-31,0.88,AMP CONSERVATIVE FUND (LIFESTEPS),Bottom-to-Bottom
2020-12-31,2021-03-31,0.75,LIFESTAGES CAPITAL STABLE PORTFOLIO,Bottom-to-Bottom
2020-12-31,2021-03-31,1.04,MILFORD KIWISAVER ACTIVE GROWTH FUND,Top-to-Top
2020-12-31,2021-03-31,1.15,SUSTAINABLE INTERNATIONAL SHARE FUND,Top-to-Top
2020-12-31,2021-03-31,1.09,EQUITY FUND,Top-to-Top
2020-12-31,2021-03-31,0.50,BNZ KIWISAVER FIRST HOME BUYER FUND,Bottom-to-Bottom
2020-12-31,2021-03-31,0.63,NEW ZEALAND CASH FUND,Bottom-to-Bottom
2020-12-31,2021-03-31,0.63,NEW ZEALAND FIXED INTEREST FUND,Bottom-to-Bottom
2020-12-31,2021-03-31,1.17,SOCIALLY RESPONSIBLE INVESTMENT HIGH GROWTH FUND,Top-to-Top
2020-12-31,2021-03-31,0.56,US SMALL CAP FUND,Top-to-Top
2020-12-31,2021-03-31,0.55,SUPERLIFE AGE STEPS,Bottom-to-Bottom
2020-12-31,2021-03-31,0.51,NZ CASH FUND,Bottom-to-Bottom
2020-12-31,2021-03-31,0.30,BNZ KIWISAVER CASH FUND,Bottom-to-Bottom
2020-12-31,2021-03-31,0.53,OVERSEAS NON-GOVERNMENT BONDS FUND,Bottom-to-Bottom
2020-12-31,2021-03-31,0.27,CASH FUND,Bottom-to-Bottom
2020-12-31,2021-03-31,0.97,GROWTH FUND,Top-to-Top
2020-12-31,2021-03-31,0.32,MERCER CASH FUND,Bottom-to-Bottom
2020-12-31,2021-03-31,1.05,INFLATION STRATEGY,Top-to-Top
2020-12-31,2021-03-31,1.00,INTERNATIONAL SHARE FUND,Top-to-Top
2020-12-31,2021-03-31,0.83,AMP INTERNATIONAL FIXED INTEREST FUND,Bottom-to-Bottom
2020-12-31,2021-03-31,0.64,ANZ CASH FUND,Bottom-to-Bottom
2020-12-31,2021-03-31,0.48,UK CASH FUND,Bottom-to-Bottom
2020-12-31,2021-03-31,1.17,GLOBAL SHARES FUND,Top-to-Top
2020-12-31,2021-03-31,1.03,LIFECYCLE,Top-to-Top
2020-12-31,2021-03-31,0.58,AUSTRALIAN MID CAP FUND,Top-to-Top
2020-12-31,2021-03-31,1.04,LIFECYCLE,Top-to-Top
2020-12-31,2021-03-31,0.51,AMP CASH FUND,Bottom-to-Bottom
2020-12-31,2021-03-31,1.26,HIGH GROWTH FUND,Top-to-Top
2020-12-31,2021-03-31,0.62,CPP FUND NO. 5,Top-to-Top
2020-12-31,2021-03-31,0.50,CONSERVATIVE FUND,Bottom-to-Bottom
2020-12-31,2021-03-31,0.83,SUMMER NEW ZEALAND FIXED INTEREST,Bottom-to-Bottom
2020-12-31,2021-03-31,0.58,AUSTRALIAN RESOURCES FUND,Top-to-Top
2020-12-31,2021-03-31,1.04,AMP AUSTRALASIAN SHARES FUND,Top-to-Top
2020-12-31,2021-03-31,0.35,NZ CASH FUND,Bottom-to-Bottom
2020-12-31,2021-03-31,1.19,NIKKO AM GROWTH FUND,Top-to-Top
2020-12-31,2021-03-31,0.26,CASH FUND,Bottom-to-Bottom
2020-12-31,2021-03-31,0.58,NZ TOP 50 FUND,Top-to-Top
2020-12-31,2021-03-31,1.09,LIFECYCLE,Top-to-Top
2020-12-31,2021-03-31,0.63,NEW ZEALAND EQUITIES FUND,Top-to-Top
2020-12-31,2021-03-31,0.32,CASH FUND,Bottom-to-Bottom
2020-12-31,2021-03-31,0.22,CASH FUND,Bottom-to-Bottom
2020-12-31,2021-03-31,0.88,AMP CONSERVATIVE FUND,Bottom-to-Bottom
2020-12-31,2021-03-31,0.55,LIFESTAGES INCOME FUND,Bottom-to-Bottom
2020-12-31,2021-03-31,0.72,SUMMER NEW ZEALAND CASH,Bottom-to-Bottom
2020-12-31,2021-03-31,0.46,NZ CASH FUND,Bottom-to-Bottom
2020-12-31,2021-03-31,1.09,GLIDEPATH AGE 25,Top-to-Top
2020-12-31,2021-03-31,0.35,AMP DEFAULT FUND,Bottom-to-Bottom
2020-12-31,2021-03-31,0.56,US LARGE GROWTH FUND,Top-to-Top
2020-12-31,2021-03-31,0.48,PRESERVATION FUND,Bottom-to-Bottom
2020-12-31,2021-03-31,1.03,MILFORD ACTIVE GROWTH WHOLESALE FUND,Top-to-Top
2020-12-31,2021-03-31,0.90,CAPITAL GUARANTEED FUND,Bottom-to-Bottom
2020-12-31,2021-03-31,0.55,SUPERLIFE INCOME FUND,Bottom-to-Bottom
2020-12-31,2021-03-31,0.73,AMP NEW ZEALAND FIXED INTEREST FUND,Bottom-to-Bottom
2021-03-31,2021-09-30,0.74,CASHPLUS,Bottom-to-Bottom
2021-03-31,2021-09-30,0.55,NEW ZEALAND FIXED INTEREST FUND,Bottom-to-Bottom
2021-03-31,2021-09-30,0.53,US EQUITIES FUND,Top-to-Top
2021-03-31,2021-09-30,0.26,CONSERVATIVE FUND,Bottom-to-Bottom
2021-03-31,2021-09-30,0.79,ENHANCED CASH FUND,Bottom-to-Bottom
2021-03-31,2021-09-30,0.52,CASH,Bottom-to-Bottom
2021-03-31,2021-09-30,0.58,AUSTRALIAN PROPERTY FUND,Top-to-Top
2021-03-31,2021-09-30,0.62,SUPERLIFE HIGH GROWTH FUND,Top-to-Top
2021-03-31,2021-09-30,0.88,AMP CONSERVATIVE FUND (LIFESTEPS),Bottom-to-Bottom
2021-03-31,2021-09-30,0.53,NZ BONDS FUND,Bottom-to-Bottom
2021-03-31,2021-09-30,1.04,MILFORD KIWISAVER ACTIVE GROWTH FUND,Top-to-Top
2021-03-31,2021-09-30,1.15,SUSTAINABLE INTERNATIONAL SHARE FUND,Top-to-Top
2021-03-31,2021-09-30,0.98,ANZ CONSERVATIVE FUND,Bottom-to-Bottom
2021-03-31,2021-09-30,0.63,NEW ZEALAND FIXED INTEREST FUND,Bottom-to-Bottom
2021-03-31,2021-09-30,0.56,US SMALL CAP FUND,Top-to-Top
2021-03-31,2021-09-30,0.55,SUPERLIFE AGE STEPS,Bottom-to-Bottom
2021-03-31,2021-09-30,0.51,NZ CASH FUND,Bottom-to-Bottom
2021-03-31,2021-09-30,0.57,TOTAL WORLD FUND,Top-to-Top
2021-03-31,2021-09-30,0.75,INTERNATIONAL FIXED INTEREST FUND,Bottom-to-Bottom
2021-03-31,2021-09-30,0.53,OVERSEAS NON-GOVERNMENT BONDS FUND,Bottom-to-Bottom
2021-03-31,2021-09-30,0.58,AUSTRALIAN SHARES FUND,Top-to-Top
2021-03-31,2021-09-30,1.05,INFLATION STRATEGY,Top-to-Top
2021-03-31,2021-09-30,0.56,US MID CAP FUND,Top-to-Top
2021-03-31,2021-09-30,0.48,UK CASH FUND,Bottom-to-Bottom
2021-03-31,2021-09-30,1.03,LIFECYCLE,Top-to-Top
2021-03-31,2021-09-30,0.58,AUSTRALIAN FINANCIALS FUND,Top-to-Top
2021-03-31,2021-09-30,1.55,GEARED GROWTH FUND,Top-to-Top
2021-03-31,2021-09-30,0.58,AUSTRALIAN MID CAP FUND,Top-to-Top
2021-03-31,2021-09-30,1.04,LIFECYCLE,Top-to-Top
2021-03-31,2021-09-30,0.58,AUSTRALIAN TOP 20 FUND,Top-to-Top
2021-03-31,2021-09-30,0.51,AMP CASH FUND,Bottom-to-Bottom
2021-03-31,2021-09-30,0.09,MILFORD KIWISAVER CASH FUND,Bottom-to-Bottom
2021-03-31,2021-09-30,0.63,QUAYSTREET INCOME FUND,Bottom-to-Bottom
2021-03-31,2021-09-30,0.63,QUAYSTREET FIXED INTEREST FUND,Bottom-to-Bottom
2021-03-31,2021-09-30,0.57,GLOBAL PROPERTY FUND,Top-to-Top
2021-03-31,2021-09-30,0.35,NZ CASH FUND,Bottom-to-Bottom
2021-03-31,2021-09-30,0.57,OVERSEAS SHARES (CURRENCY HEDGED) FUND,Top-to-Top
2021-03-31,2021-09-30,0.58,OVERSEAS BONDS FUND,Bottom-to-Bottom
2021-03-31,2021-09-30,1.09,LIFECYCLE,Top-to-Top
2021-03-31,2021-09-30,0.65,DEFAULT,Bottom-to-Bottom
2021-03-31,2021-09-30,0.88,AMP CONSERVATIVE FUND,Bottom-to-Bottom
2021-03-31,2021-09-30,0.55,LIFESTAGES INCOME FUND,Bottom-to-Bottom
2021-03-31,2021-09-30,0.35,AMP DEFAULT FUND,Bottom-to-Bottom
2021-03-31,2021-09-30,0.56,US LARGE GROWTH FUND,Top-to-Top
2021-03-31,2021-09-30,1.28,ASSET CLASS GROWTH FUND,Top-to-Top
2021-03-31,2021-09-30,0.48,PRESERVATION FUND,Bottom-to-Bottom
2021-03-31,2021-09-30,0.62,SUPERLIFE AGE STEPS,Top-to-Top
2021-03-31,2021-09-30,0.57,OVERSEAS SHARES FUND,Top-to-Top
2021-03-31,2021-09-30,0.88,RUSSELL LIFEPOINTS® TARGET DATE 2015 FUND,Bottom-to-Bottom
2021-03-31,2021-09-30,0.55,SUPERLIFE INCOME FUND,Bottom-to-Bottom
2021-03-31,2021-09-30,1.03,AMP INTERNATIONAL SHARES FUND,Top-to-Top
2021-09-30,2021-12-31,1,INTERNATIONAL SHARE FUND,Top-to-Top
2021-09-30,2021-12-31,1,INTERNATIONAL PROPERTY FUND,Top-to-Top
2021-09-30,2021-12-31,0.3,DEFENSIVE CONSERVATIVE FUND,Bottom-to-Bottom
2021-09-30,2021-12-31,0.74,CASHPLUS,Bottom-to-Bottom
2021-09-30,2021-12-31,0.56,US LARGE VALUE FUND,Top-to-Top
2021-09-30,2021-12-31,0.5,SUMMER NEW ZEALAND CASH,Bottom-to-Bottom
2021-09-30,2021-12-31,0.3,CASH FUND,Bottom-to-Bottom
2021-09-30,2021-12-31,0.4,CONSERVATIVE FUND,Bottom-to-Bottom
2021-09-30,2021-12-31,0.55,NEW ZEALAND FIXED INTEREST FUND,Bottom-to-Bottom
2021-09-30,2021-12-31,0.53,US EQUITIES FUND,Top-to-Top
2021-09-30,2021-12-31,0.53,S&P/NZX NZ GOVERNMENT BOND FUND,Bottom-to-Bottom
2021-09-30,2021-12-31,0.82,SUSTAINABLE PLUS HIGH GROWTH FUND,Top-to-Top
2021-09-30,2021-12-31,0.7,SUMMER CONSERVATIVE SELECTION,Bottom-to-Bottom
2021-09-30,2021-12-31,0.26,CONSERVATIVE FUND,Bottom-to-Bottom
2021-09-30,2021-12-31,0.98,NIKKO AM CONSERVATIVE FUND,Bottom-to-Bottom
2021-09-30,2021-12-31,0.79,ENHANCED CASH FUND,Bottom-to-Bottom
2021-09-30,2021-12-31,1.07,EQUITY FUND,Top-to-Top
2021-09-30,2021-12-31,0.52,CASH,Bottom-to-Bottom
2021-09-30,2021-12-31,0.58,AUSTRALIAN PROPERTY FUND,Top-to-Top
2021-09-30,2021-12-31,0,NEW ZEALAND CASH FUND,Bottom-to-Bottom
2021-09-30,2021-12-31,0.9,SUSTAINABLE PLUS SHARES FUND,Top-to-Top
2021-09-30,2021-12-31,0.62,SUPERLIFE HIGH GROWTH FUND,Top-to-Top
2021-09-30,2021-12-31,0.53,NZ BONDS FUND,Bottom-to-Bottom
2021-09-30,2021-12-31,0.58,GLOBAL AGGREGATE BOND FUND,Bottom-to-Bottom
2021-09-30,2021-12-31,1.04,MILFORD KIWISAVER ACTIVE GROWTH FUND,Top-to-Top
2021-09-30,2021-12-31,1.15,SUSTAINABLE INTERNATIONAL SHARE FUND,Top-to-Top
2021-09-30,2021-12-31,0.9,CAPITAL GUARANTEED FUND,Bottom-to-Bottom
2021-09-30,2021-12-31,0.53,US 500 FUND,Top-to-Top
2021-09-30,2021-12-31,0.63,NEW ZEALAND FIXED INTEREST FUND,Bottom-to-Bottom
2021-09-30,2021-12-31,0.5,CASH FUND,Bottom-to-Bottom
2021-09-30,2021-12-31,0.19,CASH FUND,Bottom-to-Bottom
2021-09-30,2021-12-31,0.56,US SMALL CAP FUND,Top-to-Top
2021-09-30,2021-12-31,0.55,SUPERLIFE AGE STEPS,Bottom-to-Bottom
2021-09-30,2021-12-31,0.51,NZ CASH FUND,Bottom-to-Bottom
2021-09-30,2021-12-31,0.57,TOTAL WORLD FUND,Top-to-Top
2021-09-30,2021-12-31,0.75,INTERNATIONAL FIXED INTEREST FUND,Bottom-to-Bottom
2021-09-30,2021-12-31,1.25,PATHFINDER KIWISAVER GROWTH FUND,Top-to-Top
2021-09-30,2021-12-31,0.53,OVERSEAS NON-GOVERNMENT BONDS FUND,Bottom-to-Bottom
2021-09-30,2021-12-31,0.3,BNZ KIWISAVER CASH FUND,Bottom-to-Bottom
2021-09-30,2021-12-31,0.58,AUSTRALIAN SHARES FUND,Top-to-Top
2021-09-30,2021-12-31,1,GLOBAL EQUITIES FUND,Top-to-Top
2021-09-30,2021-12-31,0.88,RUSSELL LIFEPOINTS® CONSERVATIVE FUND,Bottom-to-Bottom
2021-09-30,2021-12-31,0.3,SUMMER GLOBAL FIXED INTEREST,Bottom-to-Bottom
2021-09-30,2021-12-31,1.15,GLOBAL SHARES FUND,Top-to-Top
2021-09-30,2021-12-31,0.56,US MID CAP FUND,Top-to-Top
2021-09-30,2021-12-31,1.07,GLIDEPATH AGE 25,Top-to-Top
2021-09-30,2021-12-31,0.95,INCOME STRATEGY,Bottom-to-Bottom
2021-09-30,2021-12-31,0.58,AUSTRALIAN FINANCIALS FUND,Top-to-Top
2021-09-30,2021-12-31,1.55,GEARED GROWTH FUND,Top-to-Top
2021-09-30,2021-12-31,0.68,NIKKO CASH FUND,Bottom-to-Bottom
2021-09-30,2021-12-31,0.58,AUSTRALIAN MID CAP FUND,Top-to-Top
2021-09-30,2021-12-31,0.58,AUSTRALIAN TOP 20 FUND,Top-to-Top
2021-09-30,2021-12-31,0.29,CASH FUND,Bottom-to-Bottom
2021-09-30,2021-12-31,0.51,AMP CASH FUND,Bottom-to-Bottom
2021-09-30,2021-12-31,0.66,ANZ CASH FUND,Bottom-to-Bottom
2021-09-30,2021-12-31,0.09,MILFORD KIWISAVER CASH FUND,Bottom-to-Bottom
2021-09-30,2021-12-31,1.11,QUAYSTREET ALTUM FUND,Top-to-Top
2021-09-30,2021-12-31,0.2,CASH FUND,Bottom-to-Bottom
2021-09-30,2021-12-31,0.63,QUAYSTREET FIXED INTEREST FUND,Bottom-to-Bottom
2021-09-30,2021-12-31,0.57,GLOBAL PROPERTY FUND,Top-to-Top
2021-09-30,2021-12-31,0.35,NZ CASH FUND,Bottom-to-Bottom
2021-09-30,2021-12-31,0.58,EUROPE FUND,Top-to-Top
2021-09-30,2021-12-31,0.49,JUNO CONSERVATIVE FUND,Bottom-to-Bottom
2021-09-30,2021-12-31,0.75,SUMMER NEW ZEALAND FIXED INTEREST,Bottom-to-Bottom
2021-09-30,2021-12-31,0.57,OVERSEAS SHARES (CURRENCY HEDGED) FUND,Top-to-Top
2021-09-30,2021-12-31,1.98,MILFORD ACTIVE GROWTH WHOLESALE FUND,Top-to-Top
2021-09-30,2021-12-31,0.58,OVERSEAS BONDS FUND,Bottom-to-Bottom
2021-09-30,2021-12-31,0.83,AMP GLOBAL FIXED INTEREST FUND,Bottom-to-Bottom
2021-09-30,2021-12-31,0.55,LIFESTAGES INCOME FUND,Bottom-to-Bottom
2021-09-30,2021-12-31,0.45,NZ CASH FUND,Bottom-to-Bottom
2021-09-30,2021-12-31,0.58,S&P/ASX 200 FUND,Top-to-Top
2021-09-30,2021-12-31,0.56,US LARGE GROWTH FUND,Top-to-Top
2021-09-30,2021-12-31,1.28,ASSET CLASS GROWTH FUND,Top-to-Top
2021-09-30,2021-12-31,0.48,PRESERVATION FUND,Bottom-to-Bottom
2021-09-30,2021-12-31,0.62,SUPERLIFE AGE STEPS,Top-to-Top
2021-09-30,2021-12-31,1.1,QUAYSTREET AUSTRALIAN EQUITY FUND,Top-to-Top
2021-09-30,2021-12-31,0.8,NZ CORPORATE BOND FUND,Bottom-to-Bottom
2021-09-30,2021-12-31,0.57,OVERSEAS SHARES FUND,Top-to-Top
2021-09-30,2021-12-31,0.57,TOTAL WORLD (NZD HEDGED) FUND,Top-to-Top
2021-09-30,2021-12-31,0.89,SHARES FUND,Top-to-Top
2021-09-30,2021-12-31,0.73,AMP INTERNATIONAL SHARES FUND NO. 2,Top-to-Top
2021-09-30,2021-12-31,0.55,SUPERLIFE INCOME FUND,Bottom-to-Bottom
2021-09-30,2021-12-31,0.88,RUSSELL LIFEPOINTS® TARGET DATE 2015 FUND,Bottom-to-Bottom
2021-09-30,2021-12-31,1.03,AMP INTERNATIONAL SHARES FUND,Top-to-Top
2021-12-31,2022-03-31,0.8,LIFESTAGES HIGH GROWTH FUND,Top-to-Top
2021-12-31,2022-03-31,1,INTERNATIONAL SHARE FUND,Top-to-Top
2021-12-31,2022-03-31,0.36,INVESTNOW ETHICAL LEADERS HEDGED GLOBAL FIXED INTEREST INDEX FUND,Bottom-to-Bottom
2021-12-31,2022-03-31,1.27,INVESTNOW AMP CAPITAL GLOBAL PROPERTY SECURITIES FUND,Top-to-Top
2021-12-31,2022-03-31,1,INTERNATIONAL PROPERTY FUND,Top-to-Top
2021-12-31,2022-03-31,0.61,SUPERLIFE AGE STEPS,Top-to-Top
2021-12-31,2022-03-31,0.3,DEFENSIVE CONSERVATIVE FUND,Bottom-to-Bottom
2021-12-31,2022-03-31,1.03,AMP INTERNATIONAL SHARES FUND,Top-to-Top
2021-12-31,2022-03-31,0.56,US LARGE VALUE FUND,Top-to-Top
2021-12-31,2022-03-31,1,AUSTRALASIAN SHARE FUND,Bottom-to-Bottom
2021-12-31,2022-03-31,1,AGGRESSIVE FUND,Top-to-Top
2021-12-31,2022-03-31,0.4,CONSERVATIVE FUND,Bottom-to-Bottom
2021-12-31,2022-03-31,0.55,NEW ZEALAND FIXED INTEREST FUND,Bottom-to-Bottom
2021-12-31,2022-03-31,0.53,US EQUITIES FUND,Top-to-Top
2021-12-31,2022-03-31,0.53,S&P/NZX NZ GOVERNMENT BOND FUND,Bottom-to-Bottom
2021-12-31,2022-03-31,0.82,SUSTAINABLE PLUS HIGH GROWTH FUND,Top-to-Top
2021-12-31,2022-03-31,0.8,LIFESTAGES AUTO OPTION AGE 0,Top-to-Top
2021-12-31,2022-03-31,1.17,SOCIALLY RESPONSIBLE HIGH GROWTH FUND,Top-to-Top
2021-12-31,2022-03-31,0.7,SUMMER CONSERVATIVE SELECTION,Bottom-to-Bottom
2021-12-31,2022-03-31,0.26,CONSERVATIVE FUND,Bottom-to-Bottom
2021-12-31,2022-03-31,0.98,NIKKO AM CONSERVATIVE FUND,Bottom-to-Bottom
2021-12-31,2022-03-31,1.39,AMANAH GROWTH FUND,Top-to-Top
2021-12-31,2022-03-31,0.61,SUPERLIFE AGE STEPS,Top-to-Top
2021-12-31,2022-03-31,0.58,AUSTRALIAN PROPERTY FUND,Top-to-Top
2021-12-31,2022-03-31,0.57,INVESTNOW HARBOUR NZ CORE FIXED INTEREST FUND,Bottom-to-Bottom
2021-12-31,2022-03-31,0.8,INVESTNOW RUSSELL INVESTMENTS HEDGED GLOBAL SHARES FUND,Top-to-Top
2021-12-31,2022-03-31,0.62,SUPERLIFE HIGH GROWTH FUND,Top-to-Top
2021-12-31,2022-03-31,0.58,NZ SHARES FUND,Bottom-to-Bottom
2021-12-31,2022-03-31,0.53,NZ BONDS FUND,Bottom-to-Bottom
2021-12-31,2022-03-31,0.58,GLOBAL AGGREGATE BOND FUND,Bottom-to-Bottom
2021-12-31,2022-03-31,1.04,MILFORD KIWISAVER ACTIVE GROWTH FUND,Top-to-Top
2021-12-31,2022-03-31,1.15,SUSTAINABLE INTERNATIONAL SHARE FUND,Top-to-Top
2021-12-31,2022-03-31,1.25,ARK DISRUPTIVE INNOVATION FUND,Bottom-to-Bottom
2021-12-31,2022-03-31,0.77,SUSTAINABLE PLUS GROWTH FUND,Top-to-Top
2021-12-31,2022-03-31,0.53,US 500 FUND,Top-to-Top
2021-12-31,2022-03-31,0.63,NEW ZEALAND FIXED INTEREST FUND,Bottom-to-Bottom
2021-12-31,2022-03-31,1.27,SHIELDED GROWTH FUND,Top-to-Top
2021-12-31,2022-03-31,0.35,INVESTNOW FOUNDATION SERIES GROWTH FUND,Top-to-Top
2021-12-31,2022-03-31,0.56,INVESTNOW AMP CAPITAL NZ FIXED INTEREST FUND,Bottom-to-Bottom
2021-12-31,2022-03-31,0.55,SUPERLIFE AGE STEPS,Bottom-to-Bottom
2021-12-31,2022-03-31,0.57,TOTAL WORLD FUND,Top-to-Top
2021-12-31,2022-03-31,0.75,INTERNATIONAL FIXED INTEREST FUND,Bottom-to-Bottom
2021-12-31,2022-03-31,1.25,PATHFINDER KIWISAVER GROWTH FUND,Top-to-Top
2021-12-31,2022-03-31,0.53,OVERSEAS NON-GOVERNMENT BONDS FUND,Bottom-to-Bottom
2021-12-31,2022-03-31,1.18,ANZ GROWTH FUND,Top-to-Top
2021-12-31,2022-03-31,0.58,AUSTRALIAN SHARES FUND,Top-to-Top
2021-12-31,2022-03-31,0.6,SUPERLIFE GROWTH FUND,Top-to-Top
2021-12-31,2022-03-31,1,GLOBAL EQUITIES FUND,Top-to-Top
2021-12-31,2022-03-31,1.14,MILFORD KIWISAVER AGGRESSIVE FUND,Top-to-Top
2021-12-31,2022-03-31,1.05,INFLATION STRATEGY,Bottom-to-Bottom
2021-12-31,2022-03-31,0.88,RUSSELL LIFEPOINTS® CONSERVATIVE FUND,Bottom-to-Bottom
2021-12-31,2022-03-31,0.3,SUMMER GLOBAL FIXED INTEREST,Bottom-to-Bottom
2021-12-31,2022-03-31,1.15,GLOBAL SHARES FUND,Top-to-Top
2021-12-31,2022-03-31,0.56,US MID CAP FUND,Top-to-Top
2021-12-31,2022-03-31,0.58,S&P/NZX 50 FUND,Bottom-to-Bottom
2021-12-31,2022-03-31,0.58,AUSTRALIAN FINANCIALS FUND,Top-to-Top
2021-12-31,2022-03-31,0.81,HIGH GROWTH FUND,Top-to-Top
2021-12-31,2022-03-31,0.58,AUSTRALIAN MID CAP FUND,Top-to-Top
2021-12-31,2022-03-31,0.8,CONSERVATIVE FUND,Bottom-to-Bottom
2021-12-31,2022-03-31,0.58,AUSTRALIAN TOP 20 FUND,Top-to-Top
2021-12-31,2022-03-31,0.73,AMP NZ FIXED INTEREST FUND,Bottom-to-Bottom
2021-12-31,2022-03-31,1.03,ANZ PROPERTY FUND,Top-to-Top
2021-12-31,2022-03-31,0.57,GLOBAL PROPERTY FUND,Top-to-Top
2021-12-31,2022-03-31,1.07,INVESTNOW CASTLE POINT TRANS-TASMAN FUND,Bottom-to-Bottom
2021-12-31,2022-03-31,0.75,SUMMER NEW ZEALAND FIXED INTEREST,Bottom-to-Bottom
2021-12-31,2022-03-31,0.57,OVERSEAS SHARES (CURRENCY HEDGED) FUND,Top-to-Top
2021-12-31,2022-03-31,0.66,INVESTNOW CLARITY GLOBAL SHARES FUND,Top-to-Top
2021-12-31,2022-03-31,0.8,INVESTNOW RUSSELL INVESTMENTS GLOBAL SHARES FUND,Top-to-Top
2021-12-31,2022-03-31,1.98,MILFORD ACTIVE GROWTH WHOLESALE FUND,Top-to-Top
2021-12-31,2022-03-31,0.58,NZ TOP 50 FUND,Bottom-to-Bottom
2021-12-31,2022-03-31,0.6,CONSERVATIVE FUND,Bottom-to-Bottom
2021-12-31,2022-03-31,0.47,INVESTNOW RUSSELL INVESTMENTS GLOBAL FIXED INTEREST FUND,Bottom-to-Bottom
2021-12-31,2022-03-31,0.58,OVERSEAS BONDS FUND,Bottom-to-Bottom
2021-12-31,2022-03-31,0.63,NEW ZEALAND EQUITIES FUND,Bottom-to-Bottom
2021-12-31,2022-03-31,0.83,AMP GLOBAL FIXED INTEREST FUND,Bottom-to-Bottom
2021-12-31,2022-03-31,0.58,NZ TOP 10 FUND,Bottom-to-Bottom
2021-12-31,2022-03-31,0.55,LIFESTAGES INCOME FUND,Bottom-to-Bottom
2021-12-31,2022-03-31,0.58,S&P/ASX 200 FUND,Top-to-Top
2021-12-31,2022-03-31,0.56,US LARGE GROWTH FUND,Top-to-Top
2021-12-31,2022-03-31,0.3,INVESTNOW ALL COUNTRY GLOBAL SHARES INDEX FUND,Top-to-Top
2021-12-31,2022-03-31,0.62,SUPERLIFE AGE STEPS,Top-to-Top
2021-12-31,2022-03-31,0.96,INVESTNOW MINT DIVERSIFIED GROWTH FUND,Top-to-Top
2021-12-31,2022-03-31,0.28,INVESTNOW NZ SHARES INDEX FUND,Bottom-to-Bottom
2021-12-31,2022-03-31,0.8,NZ CORPORATE BOND FUND,Bottom-to-Bottom
2021-12-31,2022-03-31,0.57,OVERSEAS SHARES FUND,Top-to-Top
2021-12-31,2022-03-31,0.57,TOTAL WORLD (NZD HEDGED) FUND,Top-to-Top
2021-12-31,2022-03-31,0.73,AMP INTERNATIONAL SHARES FUND NO. 2,Top-to-Top
2021-12-31,2022-03-31,0.54,INVESTNOW HUNTER GLOBAL FIXED INTEREST FUND,Bottom-to-Bottom
2021-12-31,2022-03-31,0.55,SUPERLIFE INCOME FUND,Bottom-to-Bottom
2021-12-31,2022-03-31,0.88,RUSSELL LIFEPOINTS® TARGET DATE 2015 FUND,Bottom-to-Bottom
2021-12-31,2022-03-31,1.02,INVESTNOW MINT AUSTRALASIAN EQUITY FUND,Bottom-to-Bottom
2022-03-31,2022-12-31,0.51,REST OF WORLD EQUITIES FUND,Bottom-to-Bottom
2022-03-31,2022-12-31,0.9,SUMMER AUSTRALIAN EQUITIES,Top-to-Top
2022-03-31,2022-12-31,1.1,INVESTNOW HARBOUR T. ROWE PRICE GLOBAL EQUITY FUND,Bottom-to-Bottom
2022-03-31,2022-12-31,0.6,JUNO BALANCED FUND,Bottom-to-Bottom
2022-03-31,2022-12-31,1.04,MILFORD KIWISAVER BALANCED FUND,Top-to-Top
2022-03-31,2022-12-31,0.95,GROWTH FUND,Bottom-to-Bottom
2022-03-31,2022-12-31,1.43,CASTLE POINT 5 OCEANS FUND,Top-to-Top
2022-03-31,2022-12-31,1.25,ARK DISRUPTIVE INNOVATION FUND,Bottom-to-Bottom
2022-03-31,2022-12-31,0.62,JUNO GROWTH FUND,Bottom-to-Bottom
2022-03-31,2022-12-31,0.97,QUAYSTREET BALANCED FUND,Top-to-Top
2022-03-31,2022-12-31,0.47,EMERGING MARKETS EQUITIES FUND,Bottom-to-Bottom
2022-03-31,2022-12-31,1.07,INVESTNOW CASTLE POINT TRANS-TASMAN FUND,Bottom-to-Bottom
2022-03-31,2022-12-31,1.08,NIKKO AM BALANCED FUND,Bottom-to-Bottom
2022-03-31,2022-12-31,1.13,QUAYSTREET AUSTRALIAN EQUITY FUND,Top-to-Top
