quarter,fund_number,fund_name,scheme_name,provider,fum,members,fund_start_date,return_1yr,return_5yr_avg,fee_total,risk_indicator,return_yr1,return_yr2,return_yr3,return_yr4,return_yr5,return_yr6,return_yr7,return_yr8,return_yr9,return_yr10,alloc_cash_and_cash_equivalents,alloc_new_zealand_fixed_interest,alloc_international_fixed_interest,alloc_australasian_equities,alloc_international_equities,alloc_listed_properties,alloc_unlisted_properties,alloc_other,alloc_commodities,target_cash_and_cash_equivalents,target_new_zealand_fixed_interest,target_international_fixed_interest,target_australasian_equities,target_international_equities,target_listed_properties,target_unlisted_properties,target_other,target_commodities
2020-03-31,FND10339,SHIELDED GROWTH FUND,BOOSTER KIWISAVER SCHEME,1.27,2306032.43,227,2018-05-31,-2.16,,1.33,,,,,,,,,,,,8.06,2.19,3.23,25.93,56.15,3.31,1.13,,,1.0,,,33.0,52.0,8.0,6.0,,
2020-03-31,FND1050,CONSERVATIVE FUND,FISHER FUNDS KIWISAVER SCHEME,0.85,888119759.98,75011,2009-06-12,1.16,,0.95,,,,,,,,,,,,16.24,33.74,26.48,6.48,11.36,0.55,5.15,0.0,0.0,19.5,18.0,35.0,5.5,12.0,5.0,5.0,0.0,0.0
2020-03-31,FND1051,GROWTH FUND,FISHER FUNDS KIWISAVER SCHEME,0.95,1879895946.24,112555,2007-10-02,-1.02,,1.41,,,,,,,,,,,,11.6,11.77,5.07,29.34,36.26,0.58,5.38,0.0,0.0,5.0,6.0,9.0,29.0,42.0,4.5,4.5,0.0,0.0
2020-03-31,FND1052,BALANCED STRATEGY,FISHER FUNDS KIWISAVER SCHEME,0.91,722656721.3,39420,2009-06-12,0.07,,1.21,,,,,,,,,,,,13.67,21.66,14.71,19.05,25.06,0.57,5.28,0.0,0.0,11.5,11.0,21.0,18.0,28.5,5.0,5.0,0.0,0.0
2020-03-31,FND10584,JUNO CONSERVATIVE FUND,JUNO KIWISAVER SCHEME,0.42,13104374.27,746,2018-08-01,2.26,,0.42,,,,,,,,,,,,85.42,,0.94,2.41,11.23,,,,,65.0,,10.0,,25.0,,,,
2020-03-31,FND10585,JUNO BALANCED FUND,JUNO KIWISAVER SCHEME,0.34,21992433.72,915,2018-08-01,4.56,,0.34,,,,,,,,,,,,59.24,,2.62,6.73,31.41,,,,,20.0,,20.0,,60.0,,,,
2020-03-31,FND10586,JUNO GROWTH FUND,JUNO KIWISAVER SCHEME,0.35,90202501.97,4204,2018-08-01,8.71,,0.35,,,,,,,,,,,,35.28,,,11.42,53.3,,,,,10.0,,10.0,,80.0,,,,
2020-03-31,FND1080,PRESERVATION FUND,FISHER FUNDS TWO KIWISAVER SCHEME,0.48,33510285.97,1632,2007-10-01,0.97,,0.63,,,,,,,,,,,,46.61,53.39,0.0,0.0,0.0,0.0,0.0,0.0,0.0,50.0,50.0,0.0,0.0,0.0,0.0,0.0,0.0,0.0
2020-03-31,FND1082,CASH ENHANCED FUND,FISHER FUNDS TWO KIWISAVER SCHEME,0.56,676502490.69,51726,2007-10-01,1.38,,0.56,,,,,,,,,,,,20.29,41.9,18.4,6.54,10.14,0.24,2.49,0.0,0.0,29.5,21.0,27.0,6.5,12.0,2.0,2.0,0.0,0.0
2020-03-31,FND1083,CONSERVATIVE FUND,FISHER FUNDS TWO KIWISAVER SCHEME,0.84,154490973.28,6732,2007-10-01,0.91,,0.93,,,,,,,,,,,,15.39,33.58,26.84,6.85,11.77,0.62,4.95,0.0,0.0,19.5,18.0,35.0,5.5,12.0,5.0,5.0,0.0,0.0
2020-03-31,FND1084,BALANCED FUND,FISHER FUNDS TWO KIWISAVER SCHEME,0.87,822899331.2,30957,2007-10-01,0.08,,0.97,,,,,,,,,,,,10.22,19.54,19.31,17.18,26.56,0.75,6.44,0.0,0.0,6.0,12.0,25.0,16.0,29.0,6.0,6.0,0.0,0.0
2020-03-31,FND1085,GROWTH FUND,FISHER FUNDS TWO KIWISAVER SCHEME,0.99,469745865.03,21906,2007-10-01,-1.12,,1.09,,,,,,,,,,,,13.04,13.94,5.4,26.59,32.22,0.0,8.81,0.0,0.0,10.0,6.0,9.0,27.0,40.0,0.0,8.0,0.0,0.0
2020-03-31,FND1086,EQUITY FUND,FISHER FUNDS TWO KIWISAVER SCHEME,1.09,135476486.5,8740,2007-10-01,-1.17,,1.21,,,,,,,,,,,,11.03,2.99,0.0,37.8,48.18,0.0,0.0,0.0,0.0,0.0,0.0,0.0,40.0,60.0,0.0,0.0,0.0,0.0
2020-03-31,FND1087,GLIDEPATH AGE 25,FISHER FUNDS TWO KIWISAVER SCHEME,1.09,428534.38,50,2014-07-01,-1.17,,1.21,,,,,,,,,,,,11.03,2.99,0.0,37.8,48.18,0.0,0.0,0.0,0.0,0.0,0.0,0.0,40.0,60.0,0.0,0.0,0.0,0.0
2020-03-31,FND1088,GLIDEPATH AGE 40,FISHER FUNDS TWO KIWISAVER SCHEME,1.02,4089608.34,201,2014-07-01,-1.09,,1.13,,,,,,,,,,,,12.38,10.44,3.68,30.18,37.33,0.0,5.99,0.0,0.0,7.0,4.0,6.0,31.0,47.0,0.0,5.0,0.0,0.0
2020-03-31,FND1089,GLIDEPATH AGE 55,FISHER FUNDS TWO KIWISAVER SCHEME,0.88,4752023.25,179,2014-07-01,-0.05,,0.98,,,,,,,,,,,,10.54,18.92,17.78,18.21,27.18,0.67,6.7,0.0,0.0,7.0,12.0,23.0,17.0,30.0,5.0,6.0,0.0,0.0
2020-03-31,FND1090,GLIDEPATH AGE 65,FISHER FUNDS TWO KIWISAVER SCHEME,0.85,1624809.04,47,2014-07-01,0.79,,0.94,,,,,,,,,,,,14.52,31.19,25.56,8.6,14.28,0.65,5.2,0.0,0.0,17.0,17.0,34.0,7.0,15.0,5.0,5.0,0.0,0.0
2020-03-31,FND1091,GLIDEPATH AGE 75,FISHER FUNDS TWO KIWISAVER SCHEME,0.81,25749.49,2,2014-07-01,0.92,,0.9,,,,,,,,,,,,17.89,35.16,24.7,6.3,10.83,0.57,4.55,0.0,0.0,22.0,20.0,32.0,5.0,11.0,5.0,5.0,0.0,0.0
2020-03-31,FND11,MERCER CASH FUND,MERCER KIWISAVER SCHEME,0.32,34751045.88,1412,2007-10-01,1.11,,0.37,,,,,,,,,,,,100.0,0.0,0.0,0.0,0.0,0.0,0.0,0.0,0.0,100.0,0.0,0.0,0.0,0.0,0.0,0.0,0.0,0.0
2020-03-31,FND1165,NIKKO CASH FUND,AON KIWISAVER SCHEME,0.66,2569858.92,137,2007-10-31,0.89,,0.79,,,,,,,,,,,,100.0,,,,,,,,,100.0,,,,,,,,
2020-03-31,FND1166,RUSSELL LIFEPOINTS® CONSERVATIVE FUND,AON KIWISAVER SCHEME,0.91,72634973.47,8409,2007-09-30,0.65,,1.03,,,,,,,,,,,,,16.59,63.61,5.61,14.19,,,,,,16.0,64.0,6.0,14.0,,,,
2020-03-31,FND1173,RUSSELL LIFEPOINTS® MODERATE FUND,AON KIWISAVER SCHEME,0.97,25334199.21,924,2007-09-30,-1.02,,1.09,,,,,,,,,,,,,12.51,47.95,13.1,26.44,,,,,,12.0,48.0,14.0,26.0,,,,
2020-03-31,FND1174,ANZ BALANCED FUND,AON KIWISAVER SCHEME,1.27,29638680.89,1079,2007-09-30,-2.87,,1.39,,,,,,,,,,,,13.16,9.31,18.89,12.65,36.64,7.01,,2.34,,8.0,9.7,22.3,13.7,37.0,7.0,,2.3,
2020-03-31,FND1175,NIKKO BALANCED FUND,AON KIWISAVER SCHEME,1.22,9624060.53,502,2007-10-31,-3.91,,1.34,,,,,,,,,,,,,20.28,11.13,20.63,25.23,4.41,,18.32,,,18.0,10.0,21.0,26.0,5.0,,20.0,
2020-03-31,FND1176,RUSSELL LIFEPOINTS® BALANCED FUND,AON KIWISAVER SCHEME,1.04,171361347.61,11982,2007-09-30,-2.82,,1.16,,,,,,,,,,,,,8.37,32.08,18.75,40.8,,,,,,8.0,32.0,20.0,40.0,,,,
2020-03-31,FND1177,MILFORD ACTIVE GROWTH WHOLESALE FUND,AON KIWISAVER SCHEME,1.02,139643881.72,9966,2009-05-01,-2.75,,1.14,,,,,,,,,,,,27.69,1.88,14.03,27.09,23.99,5.32,0.0,0.0,0.0,6.0,4.0,10.0,52.0,28.0,0.0,0.0,0.0,0.0
2020-03-31,FND1178,RUSSELL LIFEPOINTS® GROWTH FUND,AON KIWISAVER SCHEME,1.10,42616364.74,1683,2007-09-30,-4.24,,1.22,,,,,,,,,,,,,5.26,20.13,23.47,51.14,,,,,,5.0,20.0,25.0,50.0,,,,
2020-03-31,FND1179,RUSSELL LIFEPOINTS® TARGET DATE 2015 FUND,AON KIWISAVER SCHEME,0.91,4326743.44,179,2007-09-30,0.64,,1.03,,,,,,,,,,,,,16.62,63.61,5.59,14.18,,,,,,16.0,64.0,6.0,14.0,,,,
2020-03-31,FND1180,RUSSELL LIFEPOINTS® TARGET DATE 2025 FUND,AON KIWISAVER SCHEME,0.96,20657419.89,563,2007-09-30,-0.37,,1.08,,,,,,,,,,,,,14.57,53.82,9.79,21.82,,,,,,14.0,54.0,10.5,21.5,,,,
2020-03-31,FND1181,RUSSELL LIFEPOINTS® TARGET DATE 2035 FUND,AON KIWISAVER SCHEME,1.03,21266544.79,534,2007-09-30,-2.02,,1.15,,,,,,,,,,,,,9.93,38.52,15.91,35.64,,,,,,9.5,38.5,17.0,35.0,,,,
2020-03-31,FND1182,RUSSELL LIFEPOINTS® TARGET DATE 2045 FUND,AON KIWISAVER SCHEME,1.09,17838378.0,928,2007-09-30,-3.54,,1.21,,,,,,,,,,,,,6.3,25.12,21.59,46.99,,,,,,6.0,25.0,23.0,46.0,,,,
2020-03-31,FND1183,SUMMER GLOBAL EQUITIES,SUMMER KIWISAVER SCHEME,0.90,16974102.07,885,2016-09-19,5.86,,0.9,,,,,,,,,,,,9.18,0.0,0.0,0.0,90.82,0.0,0.0,0.0,0.0,10.0,0.0,0.0,0.0,90.0,0.0,0.0,0.0,0.0
2020-03-31,FND1186,SUMMER LISTED PROPERTY,SUMMER KIWISAVER SCHEME,0.90,6510446.43,739,2016-09-19,-5.75,,0.9,,,,,,,,,,,,5.62,0.0,0.0,1.85,0.0,92.53,0.0,0.0,0.0,5.0,0.0,0.0,20.0,5.0,70.0,0.0,0.0,0.0
2020-03-31,FND1187,SUMMER NEW ZEALAND CASH,SUMMER KIWISAVER SCHEME,0.90,4833945.78,327,2016-09-19,0.78,,0.9,,,,,,,,,,,,77.27,22.73,0.0,0.0,0.0,0.0,0.0,0.0,0.0,75.0,25.0,0.0,0.0,0.0,0.0,0.0,0.0,0.0
2020-03-31,FND1188,SUMMER NEW ZEALAND EQUITIES,SUMMER KIWISAVER SCHEME,0.90,12102514.99,908,2016-09-19,-3.34,,0.9,,,,,,,,,,,,8.47,0.0,0.0,89.26,0.0,2.27,0.0,0.0,0.0,5.0,0.0,0.0,85.0,0.0,10.0,0.0,0.0,0.0
2020-03-31,FND1189,SUMMER NEW ZEALAND FIXED INTEREST,SUMMER KIWISAVER SCHEME,0.90,8589194.69,556,2016-09-19,1.55,,0.9,,,,,,,,,,,,14.57,85.43,0.0,0.0,0.0,0.0,0.0,0.0,0.0,5.0,90.0,5.0,0.0,0.0,0.0,0.0,0.0,0.0
2020-03-31,FND119,AMP DEFAULT FUND,AMP KIWISAVER SCHEME,0.35,1322914642.66,95285,2007-10-01,0.6,,0.34,,,,,,,,,,,,47.51,18.29,16.1,6.37,11.73,0.0,0.0,0.0,0.0,45.0,17.5,17.5,7.0,13.0,0.0,0.0,0.0,0.0
2020-03-31,FND1190,SUMMER BALANCED SELECTION,SUMMER KIWISAVER SCHEME,0.90,86666596.64,2484,2016-09-19,-0.55,,0.9,,,,,,,,,,,,14.08,27.23,7.64,23.21,22.53,5.29,0.0,0.0,0.0,15.0,20.0,10.0,25.0,25.0,5.0,0.0,0.0,0.0
2020-03-31,FND1191,SUMMER GLOBAL FIXED INTEREST,SUMMER KIWISAVER SCHEME,0.46,1022271.14,146,2016-09-19,2.21,,0.9,,,,,,,,,,,,8.88,11.31,79.8,0.0,0.0,0.0,0.0,0.0,0.0,5.0,15.0,80.0,0.0,0.0,0.0,0.0,0.0,0.0
2020-03-31,FND1207,RUSSELL LIFEPOINTS® TARGET DATE 2055 FUND,AON KIWISAVER SCHEME,1.12,1212196.36,107,2016-02-19,-5.11,,1.24,,,,,,,,,,,,,3.16,13.07,26.39,57.38,,,,,,3.0,13.0,28.0,56.0,,,,
2020-03-31,FND1276,CAPITAL GUARANTEED FUND,BOOSTER KIWISAVER SCHEME,0.90,62272903.87,9545,2014-07-01,0.45,,0.9,,,,,,,,,,,,93.87,6.13,,,,,,,,80.0,5.0,5.0,4.0,6.0,,,,
2020-03-31,FND1277,DEFAULT SAVER FUND,BOOSTER KIWISAVER SCHEME,0.38,91603651.78,18931,2014-07-01,2.13,,0.38,,,,,,,,,,,,34.87,17.22,28.26,6.0,12.32,1.33,,,,30.0,28.0,22.0,7.0,11.0,2.0,,,
2020-03-31,FND1278,MODERATE FUND,BOOSTER KIWISAVER SCHEME,1.07,178133926.41,13683,2007-10-01,0.73,,1.13,,,,,,,,,,,,20.47,24.75,23.66,10.77,16.35,2.13,1.87,,,20.0,25.0,15.0,14.0,19.0,4.0,3.0,,
2020-03-31,FND1279,BALANCED FUND,BOOSTER KIWISAVER SCHEME,1.16,487467001.76,35419,2007-10-01,-0.92,,1.24,,,,,,,,,,,,12.94,12.97,20.52,16.39,32.22,2.67,2.29,,,5.0,16.0,19.0,21.0,30.0,5.0,4.0,,
2020-03-31,FND1280,BALANCED GROWTH FUND,BOOSTER KIWISAVER SCHEME,1.21,311956953.91,24609,2010-04-28,-2.14,,1.3,,,,,,,,,,,,9.43,9.45,8.56,23.97,42.63,3.56,2.4,,,3.0,8.0,9.0,28.0,40.0,7.0,5.0,,
2020-03-31,FND1281,HIGH GROWTH FUND,BOOSTER KIWISAVER SCHEME,1.26,340093963.46,28213,2007-10-01,-3.73,,1.35,,,,,,,,,,,,7.17,2.88,3.49,26.33,54.67,3.16,2.3,,,1.0,,,33.0,52.0,8.0,6.0,,
2020-03-31,FND1282,ENHANCED CASH FUND,BOOSTER KIWISAVER SCHEME,0.82,36095329.99,1936,2007-10-01,1.03,,0.82,,,,,,,,,,,,100.0,,,,,,,,,100.0,,,,,,,,
2020-03-31,FND1283,TRANS-TASMAN SHARE FUND,BOOSTER KIWISAVER SCHEME,1.17,8112402.0,925,2010-05-21,-8.08,,1.22,,,,,,,,,,,,3.34,,,96.66,,,,,,,,,100.0,,,,,
2020-03-31,FND1284,INTERNATIONAL SHARE FUND,BOOSTER KIWISAVER SCHEME,1.32,13897565.96,1259,2010-05-21,-3.08,,1.38,,,,,,,,,,,,1.75,,,,98.25,,,,,,,,,100.0,,,,
2020-03-31,FND1286,GEARED GROWTH FUND,BOOSTER KIWISAVER SCHEME,1.57,70930972.16,4882,2009-07-15,-7.45,,1.68,,,,,,,,,,,,2.74,0.25,,29.93,61.27,4.33,1.48,,,1.0,,,33.0,52.0,8.0,6.0,,
2020-03-31,FND1287,SOCIALLY RESPONSIBLE INVESTMENT BALANCED FUND,BOOSTER KIWISAVER SCHEME,1.17,70225461.52,5331,2014-07-01,2.32,,1.25,,,,,,,,,,,,13.28,12.8,20.8,16.24,33.05,3.83,,,,5.0,17.0,23.0,18.0,30.0,7.0,,,
2020-03-31,FND1288,SOCIALLY RESPONSIBLE INVESTMENT HIGH GROWTH FUND,BOOSTER KIWISAVER SCHEME,1.17,79770646.71,4354,2010-05-21,2.09,,1.3,,,,,,,,,,,,7.03,2.39,3.72,25.84,56.76,4.26,,,,2.0,,,32.0,54.0,12.0,,,
2020-03-31,FND1289,ASSET CLASS CONSERVATIVE FUND,BOOSTER KIWISAVER SCHEME,1.15,21350334.29,1308,2014-07-01,-3.79,,1.15,,,,,,,,,,,,0.69,,64.81,5.6,23.46,5.44,,,,1.0,,66.0,6.0,22.0,5.0,,,
2020-03-31,FND1290,ASSET CLASS GROWTH FUND,BOOSTER KIWISAVER SCHEME,1.29,65788383.23,3175,2014-07-01,-13.05,,1.29,,,,,,,,,,,,0.76,,8.92,16.02,69.34,4.96,,,,1.0,,9.0,17.0,68.0,5.0,,,
2020-03-31,FND13,MERCER CONSERVATIVE FUND,MERCER KIWISAVER SCHEME,0.50,1080025959.53,74082,2007-10-01,0.97,,0.57,,,,,,,,,,,,31.98,15.18,34.28,3.68,10.83,0.68,1.06,1.91,0.4,30.0,15.0,35.0,5.0,11.0,0.88,0.87,1.75,0.5
2020-03-31,FND130,AMP CASH FUND,AMP KIWISAVER SCHEME,0.73,124357885.13,4525,2007-10-01,0.95,,0.83,,,,,,,,,,,,100.0,0.0,0.0,0.0,0.0,0.0,0.0,0.0,0.0,100.0,0.0,0.0,0.0,0.0,0.0,0.0,0.0,0.0
2020-03-31,FND131,AMP CONSERVATIVE FUND,AMP KIWISAVER SCHEME,0.87,396688521.11,11956,2007-10-01,-0.25,,0.96,,,,,,,,,,,,26.58,26.31,24.51,5.38,13.92,2.18,0.0,0.53,0.59,23.0,25.0,28.0,6.0,14.25,2.5,0.0,0.63,0.63
2020-03-31,FND132,AMP MODERATE FUND,AMP KIWISAVER SCHEME,0.97,515144648.36,13249,2007-10-01,-1.37,,1.05,,,,,,,,,,,,21.16,22.57,21.56,9.75,21.09,2.48,0.0,0.66,0.73,18.0,21.0,24.0,11.0,21.5,3.0,0.0,0.75,0.75
2020-03-31,FND133,AMP MODERATE BALANCED FUND,AMP KIWISAVER SCHEME,1.02,672893157.56,18877,2007-10-01,-2.47,,1.08,,,,,,,,,,,,17.17,19.22,18.15,13.53,27.19,3.3,0.0,0.68,0.76,14.0,18.0,21.0,14.5,27.25,3.5,0.0,0.88,0.88
2020-03-31,FND134,AMP BALANCED FUND,AMP KIWISAVER SCHEME,1.02,894779044.81,27438,2007-10-01,-3.31,,1.06,,,,,,,,,,,,12.79,15.84,15.86,15.15,35.09,3.6,0.0,0.79,0.88,10.0,15.0,18.0,16.0,35.0,4.0,0.0,1.0,1.0
2020-03-31,FND135,AMP GROWTH FUND,AMP KIWISAVER SCHEME,1.03,659389297.6,27185,2007-10-01,-5.59,,1.05,,,,,,,,,,,,8.05,6.47,6.73,22.65,49.13,4.98,0.0,0.94,1.05,6.0,7.0,10.0,23.0,46.5,5.0,0.0,1.25,1.25
2020-03-31,FND136,AMP AGGRESSIVE FUND,AMP KIWISAVER SCHEME,1.12,286960527.4,23688,2007-10-01,-6.81,,1.12,,,,,,,,,,,,5.22,3.04,1.34,24.22,57.18,6.74,0.0,1.07,1.19,5.0,3.0,5.0,24.5,52.75,7.0,0.0,1.38,1.38
2020-03-31,FND13670,SUMMER CONSERVATIVE SELECTION,SUMMER KIWISAVER SCHEME,0.66,6822150.52,261,2019-04-08,,,0.75,,,,,,,,,,,,22.76,40.41,9.28,12.14,10.41,4.99,0.0,0.0,0.0,23.0,31.0,16.0,13.0,12.0,5.0,0.0,0.0,0.0
2020-03-31,FND13671,SUMMER GROWTH SELECTION,SUMMER KIWISAVER SCHEME,0.88,15977656.16,552,2019-04-08,,,0.9,,,,,,,,,,,,15.37,7.97,3.19,35.71,32.13,5.63,0.0,0.0,0.0,7.0,9.0,4.0,38.0,37.0,5.0,0.0,0.0,0.0
2020-03-31,FND137,ANZ BALANCED GROWTH FUND,AMP KIWISAVER SCHEME,1.07,245019624.18,6663,2007-10-01,-3.39,,1.18,,,,,,,,,,,,10.46,8.83,16.95,12.91,43.33,7.52,0.0,0.0,0.0,6.0,9.0,20.0,14.0,43.5,7.5,0.0,0.0,0.0
2020-03-31,FND138,MERCER BALANCED FUND,AMP KIWISAVER SCHEME,1.12,46424679.14,1990,2007-10-01,-3.06,,1.32,,,,,,,,,,,,12.2,10.09,24.39,8.31,31.58,2.33,3.22,6.36,1.52,10.0,10.0,25.0,10.0,31.5,3.0,3.0,6.0,1.5
2020-03-31,FND139,NIKKO AM BALANCED FUND,AMP KIWISAVER SCHEME,1.07,69672778.75,2867,2007-10-01,-4.51,,1.37,,,,,,,,,,,,0.0,20.28,11.13,20.61,25.24,4.41,0.0,18.33,0.0,0.0,18.0,10.0,21.0,26.0,5.0,0.0,20.0,0.0
2020-03-31,FND14,MERCER MODERATE FUND,MERCER KIWISAVER SCHEME,0.59,141366455.94,5046,2015-02-18,-0.74,,0.69,,,,,,,,,,,,26.3,13.1,27.13,5.33,15.69,1.94,2.22,7.38,0.91,24.0,13.0,28.0,7.0,16.0,2.0,2.0,7.0,1.0
2020-03-31,FND14930,CARESAVER GROWTH FUND,CARESAVER KIWISAVER SCHEME,1.25,11682640.83,457,2019-07-23,,,1.26,,,,,,,,,,,,17.53,10.01,,16.0,47.09,9.36,,,,5.0,5.0,10.0,20.0,60.0,,,,
2020-03-31,FND14931,CARESAVER BALANCED FUND,CARESAVER KIWISAVER SCHEME,1.10,5222070.54,143,2019-07-23,,,1.12,,,,,,,,,,,,35.68,8.73,,10.57,38.39,6.63,,,,10.0,10.0,20.0,15.0,45.0,,,,
2020-03-31,FND14932,CARESAVER CONSERVATIVE FUND,CARESAVER KIWISAVER SCHEME,0.80,1309323.56,57,2019-07-23,,,0.83,,,,,,,,,,,,73.37,12.05,,3.33,9.93,1.32,,,,20.0,30.0,30.0,10.0,10.0,,,,
2020-03-31,FND15,MERCER BALANCED FUND,MERCER KIWISAVER SCHEME,0.68,394420823.02,12329,2007-10-01,-2.84,,0.79,,,,,,,,,,,,12.31,10.02,24.3,8.28,28.34,2.71,3.2,9.33,1.51,10.0,10.0,25.0,10.0,28.5,3.0,3.0,9.0,1.5
2020-03-31,FND15017,POSITIVE IMPACT FUND,ASB KIWISAVER SCHEME,1.00,25324216.54,1282,2019-07-25,,,1.0,,,,,,,,,,,,0.0,0.0,38.4,0.0,61.6,0.0,0.0,0.0,0.0,0.0,0.0,40.0,0.0,60.0,0.0,0.0,0.0,0.0
2020-03-31,FND15503,MILFORD KIWISAVER AGGRESSIVE FUND,MILFORD KIWISAVER PLAN,1.11,76042823.2,2889,2019-08-01,,,1.15,,,,,,,,,,,,14.46,0.0,0.0,16.98,65.01,3.55,0.0,0.0,0.0,5.0,0.0,0.0,25.0,70.0,0.0,0.0,0.0,0.0
2020-03-31,FND1579,INCOME STRATEGY,NZ FUNDS KIWISAVER SCHEME,0.95,34377699.69,8900,2010-11-01,-1.49,,1.14,,,,,,,,,,,,27.21,34.99,37.8,0.0,0.0,0.0,0.0,0.0,0.0,5.0,40.0,55.0,0.0,0.0,0.0,0.0,0.0,0.0
2020-03-31,FND1581,INFLATION STRATEGY,NZ FUNDS KIWISAVER SCHEME,1.05,50237471.4,8768,2010-11-01,-2.95,,1.82,,,,,,,,,,,,12.33,7.77,21.03,28.31,26.66,1.78,0.0,1.93,0.19,5.0,12.0,13.0,30.0,35.0,5.0,0.0,0.0,0.0
2020-03-31,FND1583,GROWTH STRATEGY,NZ FUNDS KIWISAVER SCHEME,1.10,181966400.61,8992,2010-11-01,-6.7,,2.13,,,,,,,,,,,,0.65,0.71,11.02,16.11,58.92,1.01,0.0,2.56,9.02,0.0,0.0,0.0,26.0,65.0,5.0,0.0,4.0,0.0
2020-03-31,FND1585,LIFECYCLE - AGE 0-54,NZ FUNDS KIWISAVER SCHEME,1.09,136386266.18,5934,2010-11-01,-6.03,,2.05,,,,,,,,,,,,2.37,2.38,12.64,16.41,54.65,1.03,0.0,2.43,8.09,1.0,3.0,4.0,25.0,60.0,4.0,0.0,3.0,0.0
2020-03-31,FND1587,LIFECYCLE - AGE 65,NZ FUNDS KIWISAVER SCHEME,1.04,6505958.75,133,2010-11-01,-3.9,,1.76,,,,,,,,,,,,9.88,10.35,19.83,16.0,36.63,1.0,0.0,1.81,4.5,3.0,15.0,20.0,20.0,38.0,3.0,0.0,1.0,0.0
2020-03-31,FND1589,LIFECYCLE - AGE 75,NZ FUNDS KIWISAVER SCHEME,1.03,408096.14,15,2010-11-01,-3.47,,1.68,,,,,,,,,,,,12.04,13.05,21.97,14.88,31.79,0.94,0.0,1.61,3.72,3.0,18.0,24.0,18.0,33.0,3.0,0.0,1.0,0.0
2020-03-31,FND15953,NEW ZEALAND CASH FUND,KOURA KIWISAVER SCHEME,0.63,4507.3,2,2019-10-23,,,0.63,,,,,,,,,,,,100.0,,,,,,,,,100.0,,,,,,,,
2020-03-31,FND15954,EMERGING MARKETS EQUITIES FUND,KOURA KIWISAVER SCHEME,0.45,370125.0,126,2019-10-23,,,0.63,,,,,,,,,,,,0.93,,,,99.07,,,,,1.0,,,,99.0,,,,
2020-03-31,FND15955,NEW ZEALAND FIXED INTEREST FUND,KOURA KIWISAVER SCHEME,0.00,762917.4,118,2019-10-23,,,0.63,,,,,,,,,,,,2.92,97.08,,,,,,,,1.0,,,,99.0,,,,
2020-03-31,FND15956,NEW ZEALAND EQUITIES FUND,KOURA KIWISAVER SCHEME,0.63,970226.26,126,2019-10-23,,,0.63,,,,,,,,,,,,1.11,0.0,0.0,98.89,0.0,0.0,0.0,0.0,0.0,1.0,0.0,0.0,99.0,0.0,0.0,0.0,0.0,0.0
2020-03-31,FND15957,REST OF WORLD EQUITIES FUND,KOURA KIWISAVER SCHEME,0.43,837342.0,126,2019-10-23,,,0.63,,,,,,,,,,,,3.12,,,,96.88,,,,,1.0,,,,99.0,,,,
2020-03-31,FND15958,US EQUITIES FUND,KOURA KIWISAVER SCHEME,0.53,1648733.97,127,2019-10-23,,,0.63,,,,,,,,,,,,4.16,,,,95.84,,,,,1.0,,,,99.0,,,,
2020-03-31,FND16,MERCER GROWTH FUND,MERCER KIWISAVER SCHEME,0.77,107919274.76,4691,2015-02-18,-4.97,,0.88,,,,,,,,,,,,6.33,4.81,15.33,10.34,43.65,3.28,3.71,10.51,2.04,4.0,5.0,16.0,12.0,44.0,3.5,3.5,10.0,2.0
2020-03-31,FND17,MERCER HIGH GROWTH FUND,MERCER KIWISAVER SCHEME,0.82,174043384.98,7134,2007-10-01,-6.22,,0.93,,,,,,,,,,,,3.57,1.94,5.85,16.2,52.85,3.47,3.7,10.55,1.87,2.0,2.0,6.0,18.0,53.0,3.5,3.5,10.0,2.0
2020-03-31,FND17971,SOCIALLY RESPONSIBLE INVESTMENT MODERATE FUND,BOOSTER KIWISAVER SCHEME,1.07,240722.27,7,2020-03-24,,,1.12,,,,,,,,,,,,19.72,23.85,23.79,11.94,16.77,3.93,,,,20.0,27.0,18.0,12.0,19.0,4.0,,,
2020-03-31,FND18,MERCER SHARES FUND,MERCER KIWISAVER SCHEME,0.90,25100213.75,1493,2015-02-18,-6.93,,0.93,,,,,,,,,,,,2.96,0.0,0.0,24.19,72.85,0.0,0.0,0.0,0.0,0.0,0.0,0.0,26.0,74.0,0.0,0.0,0.0,0.0
2020-03-31,FND2171,GROWTH FUND,ONEANSWER KIWISAVER SCHEME,1.00,376108043.29,15304,2007-10-01,-5.32,,1.04,,,,,,,,,,,,10.89,4.18,7.02,16.89,49.15,8.84,0.0,3.03,0.0,4.0,5.0,11.0,18.0,50.0,9.0,0.0,3.0,0.0
2020-03-31,FND2172,BALANCED GROWTH FUND,ONEANSWER KIWISAVER SCHEME,0.95,461789650.13,11095,2007-10-01,-3.26,,0.99,,,,,,,,,,,,10.47,8.83,16.95,12.91,40.79,7.52,0.0,2.53,0.0,6.0,9.0,20.0,14.0,41.0,7.5,0.0,2.5,0.0
2020-03-31,FND2173,BALANCED FUND,ONEANSWER KIWISAVER SCHEME,0.90,549870628.4,12187,2007-10-01,-1.52,,0.94,,,,,,,,,,,,14.31,11.9,24.94,10.51,30.19,6.13,0.0,2.02,0.0,10.0,12.0,28.0,11.5,30.5,6.0,0.0,2.0,0.0
2020-03-31,FND2174,CONSERVATIVE BALANCED FUND,ONEANSWER KIWISAVER SCHEME,0.85,196388151.22,4384,2007-10-01,0.18,,0.89,,,,,,,,,,,,19.3,14.4,32.04,7.17,20.9,4.66,0.0,1.53,0.0,15.0,15.0,35.0,8.0,21.0,4.5,0.0,1.5,0.0
2020-03-31,FND2175,CONSERVATIVE FUND,ONEANSWER KIWISAVER SCHEME,0.85,464593891.85,20226,2007-10-01,1.85,,0.89,,,,,,,,,,,,23.13,17.57,40.18,4.03,12.0,2.31,0.0,0.78,0.0,20.0,18.0,42.0,4.5,12.5,2.25,0.0,0.75,0.0
2020-03-31,FND2176,CASH FUND,ONEANSWER KIWISAVER SCHEME,0.48,64099156.27,1699,2007-10-01,1.3,,0.51,,,,,,,,,,,,100.0,0.0,0.0,0.0,0.0,0.0,0.0,0.0,0.0,100.0,0.0,0.0,0.0,0.0,0.0,0.0,0.0,0.0
2020-03-31,FND2177,NEW ZEALAND FIXED INTEREST FUND,ONEANSWER KIWISAVER SCHEME,0.55,9382231.71,465,2007-10-01,3.47,,0.59,,,,,,,,,,,,0.01,99.99,0.0,0.0,0.0,0.0,0.0,0.0,0.0,0.0,100.0,0.0,0.0,0.0,0.0,0.0,0.0,0.0
2020-03-31,FND2178,INTERNATIONAL FIXED INTEREST FUND,ONEANSWER KIWISAVER SCHEME,0.75,3017449.64,244,2007-10-01,5.67,,0.79,,,,,,,,,,,,0.02,0.0,99.98,0.0,0.0,0.0,0.0,0.0,0.0,0.0,0.0,100.0,0.0,0.0,0.0,0.0,0.0,0.0
2020-03-31,FND2179,AUSTRALASIAN PROPERTY FUND,ONEANSWER KIWISAVER SCHEME,1.00,23580593.24,1248,2007-10-01,-7.14,,1.05,,,,,,,,,,,,0.01,0.0,0.0,0.0,0.0,99.99,0.0,0.0,0.0,0.0,0.0,0.0,0.0,0.0,100.0,0.0,0.0,0.0
2020-03-31,FND2180,INTERNATIONAL PROPERTY FUND,ONEANSWER KIWISAVER SCHEME,1.00,7472902.3,696,2007-10-01,-12.68,,1.05,,,,,,,,,,,,0.02,0.0,0.0,0.0,0.0,99.98,0.0,0.0,0.0,0.0,0.0,0.0,0.0,0.0,100.0,0.0,0.0,0.0
2020-03-31,FND2181,AUSTRALASIAN SHARE FUND,ONEANSWER KIWISAVER SCHEME,1.00,34623875.86,1474,2007-10-01,0.29,,1.03,,,,,,,,,,,,0.01,0.0,0.0,99.99,0.0,0.0,0.0,0.0,0.0,0.0,0.0,0.0,100.0,0.0,0.0,0.0,0.0,0.0
2020-03-31,FND2182,INTERNATIONAL SHARE FUND,ONEANSWER KIWISAVER SCHEME,1.00,50839199.36,1656,2007-10-01,1.06,,1.05,,,,,,,,,,,,0.01,0.0,0.0,0.0,99.99,0.0,0.0,0.0,0.0,0.0,0.0,0.0,0.0,100.0,0.0,0.0,0.0,0.0
2020-03-31,FND2183,SUSTAINABLE INTERNATIONAL SHARE FUND,ONEANSWER KIWISAVER SCHEME,1.15,10154750.24,421,2008-08-25,13.29,,1.39,,,,,,,,,,,,1.36,0.0,0.0,0.0,98.64,0.0,0.0,0.0,0.0,0.0,0.0,0.0,0.0,100.0,0.0,0.0,0.0,0.0
2020-03-31,FND2184,GROWTH FUND,ANZ KIWISAVER SCHEME,1.00,2723890827.29,267977,2007-10-01,-5.33,,1.06,,,,,,,,,,,,10.89,4.18,7.02,16.89,49.15,8.84,0.0,3.03,0.0,4.0,5.0,11.0,18.0,50.0,9.0,0.0,3.0,0.0
2020-03-31,FND2185,BALANCED GROWTH FUND,ANZ KIWISAVER SCHEME,0.95,1936357363.51,90644,2007-10-01,-3.26,,1.01,,,,,,,,,,,,10.47,8.83,16.95,12.91,40.79,7.52,0.0,2.53,0.0,6.0,9.0,20.0,14.0,41.0,7.5,0.0,2.5,0.0
2020-03-31,FND2186,BALANCED FUND,ANZ KIWISAVER SCHEME,0.90,2318183392.31,100441,2007-10-01,-1.53,,0.96,,,,,,,,,,,,14.31,11.9,24.94,10.51,30.19,6.13,0.0,2.02,0.0,10.0,12.0,28.0,11.5,30.5,6.0,0.0,2.0,0.0
2020-03-31,FND2187,CONSERVATIVE BALANCED FUND,ANZ KIWISAVER SCHEME,0.85,1189727049.35,49420,2007-10-01,0.17,,0.9,,,,,,,,,,,,19.3,14.4,32.04,7.17,20.9,4.66,0.0,1.53,0.0,15.0,15.0,35.0,8.0,21.0,4.5,0.0,1.5,0.0
2020-03-31,FND2188,CONSERVATIVE FUND,ANZ KIWISAVER SCHEME,0.85,1092441079.63,50240,2007-10-01,1.84,,0.9,,,,,,,,,,,,23.13,17.57,40.18,4.03,12.0,2.31,0.0,0.78,0.0,20.0,18.0,42.0,4.5,12.5,2.25,0.0,0.75,0.0
2020-03-31,FND2189,CASH FUND,ANZ KIWISAVER SCHEME,0.33,814240809.53,47550,2008-08-12,1.32,,0.38,,,,,,,,,,,,100.0,0.0,0.0,0.0,0.0,0.0,0.0,0.0,0.0,100.0,0.0,0.0,0.0,0.0,0.0,0.0,0.0,0.0
2020-03-31,FND2193,GROWTH FUND,ANZ DEFAULT KIWISAVER SCHEME,1.00,139375504.8,5839,2007-10-01,-5.33,,1.06,,,,,,,,,,,,10.89,4.18,7.02,16.89,49.15,8.84,0.0,3.03,0.0,4.0,5.0,11.0,18.0,50.0,9.0,0.0,3.0,0.0
2020-03-31,FND2194,BALANCED GROWTH FUND,ANZ DEFAULT KIWISAVER SCHEME,0.95,163471872.9,4838,2007-10-01,-3.26,,1.01,,,,,,,,,,,,10.47,8.83,16.95,12.91,40.79,7.52,0.0,2.53,0.0,6.0,9.0,20.0,14.0,41.0,7.5,0.0,2.5,0.0
2020-03-31,FND2195,BALANCED FUND,ANZ DEFAULT KIWISAVER SCHEME,0.90,158014977.45,4451,2007-10-01,-1.53,,0.95,,,,,,,,,,,,14.31,11.9,24.93,10.51,30.19,6.13,0.0,2.02,0.0,10.0,12.0,28.0,11.5,30.5,6.0,0.0,2.0,0.0
2020-03-31,FND2196,CONSERVATIVE BALANCED FUND,ANZ DEFAULT KIWISAVER SCHEME,0.85,61228954.73,1960,2007-10-01,0.17,,0.9,,,,,,,,,,,,19.3,14.4,32.04,7.17,20.9,4.66,0.0,1.53,0.0,15.0,15.0,35.0,8.0,21.0,4.5,0.0,1.5,0.0
2020-03-31,FND2197,CONSERVATIVE FUND,ANZ DEFAULT KIWISAVER SCHEME,0.45,1106848268.5,70550,2007-10-01,2.27,,0.51,,,,,,,,,,,,20.96,17.91,40.21,4.59,13.15,2.42,0.0,0.76,0.0,20.0,18.0,42.0,4.5,12.5,2.25,0.0,0.75,0.0
2020-03-31,FND2198,CASH FUND,ANZ DEFAULT KIWISAVER SCHEME,0.33,24799314.28,811,2007-11-15,1.3,,0.38,,,,,,,,,,,,100.0,0.0,0.0,0.0,0.0,0.0,0.0,0.0,0.0,100.0,0.0,0.0,0.0,0.0,0.0,0.0,0.0,0.0
2020-03-31,FND2448,ASIA PACIFIC FUND,SUPERLIFE KIWISAVER SCHEME,0.45,1749804.0,421,2015-09-21,-2.58,,0.59,,,,,,,,,,,,0.74,0.0,0.0,0.0,99.26,0.0,0.0,0.0,0.0,1.0,0.0,0.0,0.0,99.0,0.0,0.0,0.0,0.0
2020-03-31,FND2449,AUSTRALIAN DIVIDEND FUND,SUPERLIFE KIWISAVER SCHEME,0.55,504653.0,110,2015-09-21,-22.18,,0.59,,,,,,,,,,,,1.65,0.0,0.0,98.35,0.0,0.0,0.0,0.0,0.0,1.0,0.0,0.0,99.0,0.0,0.0,0.0,0.0,0.0
2020-03-31,FND2450,AUSTRALIAN FINANCIALS FUND,SUPERLIFE KIWISAVER SCHEME,0.55,561956.0,162,2015-09-21,-22.87,,0.59,,,,,,,,,,,,1.23,0.0,0.0,98.77,0.0,0.0,0.0,0.0,0.0,1.0,0.0,0.0,99.0,0.0,0.0,0.0,0.0,0.0
2020-03-31,FND2451,AUSTRALIAN MID CAP FUND,SUPERLIFE KIWISAVER SCHEME,0.55,18018540.0,1173,2015-01-19,-21.08,,0.59,,,,,,,,,,,,0.46,0.0,0.0,99.54,0.0,0.0,0.0,0.0,0.0,1.0,0.0,0.0,99.0,0.0,0.0,0.0,0.0,0.0
2020-03-31,FND2452,AUSTRALIAN PROPERTY FUND,SUPERLIFE KIWISAVER SCHEME,0.55,892845.0,265,2015-09-21,-28.96,,0.59,,,,,,,,,,,,0.19,0.0,0.0,0.0,0.0,99.81,0.0,0.0,0.0,1.0,0.0,0.0,0.0,0.0,99.0,0.0,0.0,0.0
2020-03-31,FND2453,AUSTRALIAN RESOURCES FUND,SUPERLIFE KIWISAVER SCHEME,0.55,2536815.0,500,2015-09-21,-25.34,,0.59,,,,,,,,,,,,1.79,0.0,0.0,98.21,0.0,0.0,0.0,0.0,0.0,1.0,0.0,0.0,99.0,0.0,0.0,0.0,0.0,0.0
2020-03-31,FND2454,AUSTRALIAN SHARES FUND,SUPERLIFE KIWISAVER SCHEME,0.55,14016377.0,2316,2007-10-24,-20.46,,0.59,,,,,,,,,,,,7.28,0.0,0.0,92.72,0.0,0.0,0.0,0.0,0.0,1.0,0.0,0.0,99.0,0.0,0.0,0.0,0.0,0.0
2020-03-31,FND2455,AUSTRALIAN TOP 20 FUND,SUPERLIFE KIWISAVER SCHEME,0.55,1556629.0,319,2015-09-21,-14.7,,0.59,,,,,,,,,,,,1.61,0.0,0.0,98.39,0.0,0.0,0.0,0.0,0.0,1.0,0.0,0.0,99.0,0.0,0.0,0.0,0.0,0.0
2020-03-31,FND2457,EMERGING MARKETS FUND,SUPERLIFE KIWISAVER SCHEME,0.55,11417611.0,2287,2011-01-28,-8.82,,0.73,,,,,,,,,,,,2.3,0.0,0.0,0.0,97.7,0.0,0.0,0.0,0.0,1.0,0.0,0.0,0.0,99.0,0.0,0.0,0.0,0.0
2020-03-31,FND2458,ETHICA,SUPERLIFE KIWISAVER SCHEME,0.37,33490454.0,1416,2008-03-31,-3.76,,0.7,,,,,,,,,,,,3.51,11.66,24.73,15.83,39.26,5.01,0.0,0.0,0.0,1.0,13.0,26.0,14.5,38.0,7.5,0.0,0.0,0.0
2020-03-31,FND2459,EUROPE FUND,SUPERLIFE KIWISAVER SCHEME,0.45,1939269.0,341,2015-09-21,-6.57,,0.59,,,,,,,,,,,,0.87,0.0,0.0,0.0,99.13,0.0,0.0,0.0,0.0,1.0,0.0,0.0,0.0,99.0,0.0,0.0,0.0,0.0
2020-03-31,FND2463,NZ BONDS FUND,SUPERLIFE KIWISAVER SCHEME,0.49,35258160.0,3463,2007-10-24,2.47,,0.54,,,,,,,,,,,,0.58,99.42,0.0,0.0,0.0,0.0,0.0,0.0,0.0,1.0,99.0,0.0,0.0,0.0,0.0,0.0,0.0,0.0
2020-03-31,FND2465,NZ CASH FUND,SUPERLIFE KIWISAVER SCHEME,0.44,86252316.0,9370,2007-10-08,1.34,,0.52,,,,,,,,,,,,100.0,0.0,0.0,0.0,0.0,0.0,0.0,0.0,0.0,100.0,0.0,0.0,0.0,0.0,0.0,0.0,0.0,0.0
2020-03-31,FND2466,NZ DIVIDEND FUND,SUPERLIFE KIWISAVER SCHEME,0.55,2259188.0,370,2015-09-21,-18.26,,0.59,,,,,,,,,,,,1.44,0.0,0.0,98.56,0.0,0.0,0.0,0.0,0.0,1.0,0.0,0.0,99.0,0.0,0.0,0.0,0.0,0.0
2020-03-31,FND2467,NZ MID CAP FUND,SUPERLIFE KIWISAVER SCHEME,0.55,3828537.0,529,2015-09-21,-12.47,,0.59,,,,,,,,,,,,5.55,0.0,0.0,94.45,0.0,0.0,0.0,0.0,0.0,1.0,0.0,0.0,99.0,0.0,0.0,0.0,0.0,0.0
2020-03-31,FND2468,NZ PROPERTY FUND,SUPERLIFE KIWISAVER SCHEME,0.55,6024631.0,799,2015-11-11,-3.75,,0.59,,,,,,,,,,,,1.17,0.0,0.0,0.0,0.0,98.83,0.0,0.0,0.0,1.0,0.0,0.0,0.0,0.0,99.0,0.0,0.0,0.0
2020-03-31,FND2469,NZ SHARES FUND,SUPERLIFE KIWISAVER SCHEME,0.55,21866158.0,2900,2007-10-24,-11.9,,0.59,,,,,,,,,,,,1.56,0.0,0.0,98.44,0.0,0.0,0.0,0.0,0.0,1.0,0.0,0.0,99.0,0.0,0.0,0.0,0.0,0.0
2020-03-31,FND2470,NZ TOP 10 FUND,SUPERLIFE KIWISAVER SCHEME,0.55,2883253.0,340,2015-09-21,7.0,,0.59,,,,,,,,,,,,5.96,0.0,0.0,94.04,0.0,0.0,0.0,0.0,0.0,1.0,0.0,0.0,99.0,0.0,0.0,0.0,0.0,0.0
2020-03-31,FND2471,NZ TOP 50 FUND,SUPERLIFE KIWISAVER SCHEME,0.55,35262078.0,2071,2015-01-19,-7.89,,0.59,,,,,,,,,,,,0.22,0.0,0.0,99.78,0.0,0.0,0.0,0.0,0.0,1.0,0.0,0.0,99.0,0.0,0.0,0.0,0.0,0.0
2020-03-31,FND2472,OVERSEAS BONDS FUND,SUPERLIFE KIWISAVER SCHEME,0.55,8799437.0,1720,2007-10-24,2.38,,0.59,,,,,,,,,,,,5.16,0.0,94.84,0.0,0.0,0.0,0.0,0.0,0.0,1.0,0.0,99.0,0.0,0.0,0.0,0.0,0.0,0.0
2020-03-31,FND2473,OVERSEAS NON-GOVERNMENT BONDS FUND,SUPERLIFE KIWISAVER SCHEME,0.34,16131173.0,2279,2007-10-24,0.71,,0.54,,,,,,,,,,,,1.27,0.0,98.73,0.0,0.0,0.0,0.0,0.0,0.0,1.0,0.0,99.0,0.0,0.0,0.0,0.0,0.0,0.0
2020-03-31,FND2474,OVERSEAS SHARES (CURRENCY HEDGED) FUND,SUPERLIFE KIWISAVER SCHEME,0.47,15211538.0,2242,2007-10-24,-14.09,,0.58,,,,,,,,,,,,7.64,0.0,0.0,0.0,92.36,0.0,0.0,0.0,0.0,1.0,0.0,0.0,0.0,99.0,0.0,0.0,0.0,0.0
2020-03-31,FND2475,OVERSEAS SHARES FUND,SUPERLIFE KIWISAVER SCHEME,0.47,19201302.0,2324,2007-10-24,-2.23,,0.58,,,,,,,,,,,,2.32,0.0,0.0,0.0,97.68,0.0,0.0,0.0,0.0,1.0,0.0,0.0,0.0,99.0,0.0,0.0,0.0,0.0
2020-03-31,FND2476,GLOBAL PROPERTY FUND,SUPERLIFE KIWISAVER SCHEME,0.46,13603857.0,2419,2007-10-24,-20.81,,0.58,,,,,,,,,,,,3.76,0.0,0.0,0.0,0.0,96.24,0.0,0.0,0.0,1.0,0.0,0.0,0.0,0.0,99.0,0.0,0.0,0.0
2020-03-31,FND2477,SUPERLIFE CONSERVATIVE,SUPERLIFE KIWISAVER SCHEME,0.47,21293060.0,666,2010-11-15,-2.63,,0.57,,,,,,,,,,,,3.37,23.79,42.77,7.87,16.69,5.51,0.0,0.0,0.0,1.0,24.0,45.0,6.5,16.0,7.5,0.0,0.0,0.0
2020-03-31,FND2478,SUPERLIFE BALANCED,SUPERLIFE KIWISAVER SCHEME,0.48,37473116.0,923,2009-02-23,-6.18,,0.6,,,,,,,,,,,,3.25,12.75,25.98,15.9,37.01,5.11,0.0,0.0,0.0,1.0,13.0,26.0,14.5,38.0,7.5,0.0,0.0,0.0
2020-03-31,FND2479,SUPERLIFE GROWTH,SUPERLIFE KIWISAVER SCHEME,0.49,18040708.0,700,2013-09-16,-9.27,,0.61,,,,,,,,,,,,5.81,6.01,11.97,21.04,49.97,5.2,0.0,0.0,0.0,1.0,6.5,12.5,20.0,52.5,7.5,0.0,0.0,0.0
2020-03-31,FND2480,SUPERLIFE HIGH GROWTH,SUPERLIFE KIWISAVER SCHEME,0.50,326356872.0,19217,2013-09-15,-12.07,,0.63,,,,,,,,,,,,4.15,0.0,0.0,26.52,63.93,5.4,0.0,0.0,0.0,1.0,0.0,0.0,25.5,66.0,7.5,0.0,0.0,0.0
2020-03-31,FND2481,SUPERLIFE INCOME,SUPERLIFE KIWISAVER SCHEME,0.46,110435805.0,15911,2013-09-15,1.76,,0.56,,,,,,,,,,,,2.66,33.6,63.74,0.0,0.0,0.0,0.0,0.0,0.0,1.0,34.0,65.0,0.0,0.0,0.0,0.0,0.0,0.0
2020-03-31,FND2488,US 500 FUND,SUPERLIFE KIWISAVER SCHEME,0.46,10390285.0,949,2015-09-21,5.82,,0.54,,,,,,,,,,,,1.34,0.0,0.0,0.0,98.66,0.0,0.0,0.0,0.0,1.0,0.0,0.0,0.0,99.0,0.0,0.0,0.0,0.0
2020-03-31,FND2489,US LARGE GROWTH FUND,SUPERLIFE KIWISAVER SCHEME,0.48,6887257.0,693,2015-09-21,15.06,,0.57,,,,,,,,,,,,0.66,0.0,0.0,0.0,99.34,0.0,0.0,0.0,0.0,1.0,0.0,0.0,0.0,99.0,0.0,0.0,0.0,0.0
2020-03-31,FND2490,US LARGE VALUE FUND,SUPERLIFE KIWISAVER SCHEME,0.48,1672964.0,213,2015-09-21,-2.7,,0.57,,,,,,,,,,,,1.5,0.0,0.0,0.0,98.5,0.0,0.0,0.0,0.0,1.0,0.0,0.0,0.0,99.0,0.0,0.0,0.0,0.0
2020-03-31,FND2491,US MID CAP FUND,SUPERLIFE KIWISAVER SCHEME,0.48,779663.0,218,2015-09-21,-4.41,,0.57,,,,,,,,,,,,1.49,0.0,0.0,0.0,98.51,0.0,0.0,0.0,0.0,1.0,0.0,0.0,0.0,99.0,0.0,0.0,0.0,0.0
2020-03-31,FND2492,US SMALL CAP FUND,SUPERLIFE KIWISAVER SCHEME,0.48,1004078.0,289,2015-09-21,-13.31,,0.57,,,,,,,,,,,,1.33,0.0,0.0,0.0,98.67,0.0,0.0,0.0,0.0,1.0,0.0,0.0,0.0,99.0,0.0,0.0,0.0,0.0
2020-03-31,FND2630,UK CASH FUND,SUPERLIFE KIWISAVER SCHEME,0.45,868717.0,82,2012-03-26,5.1,,0.49,,,,,,,,,,,,100.0,0.0,0.0,0.0,0.0,0.0,0.0,0.0,0.0,100.0,0.0,0.0,0.0,0.0,0.0,0.0,0.0,0.0
2020-03-31,FND2631,TOTAL WORLD FUND,SUPERLIFE KIWISAVER SCHEME,0.46,3696384.0,382,2015-09-21,-0.74,,0.6,,,,,,,,,,,,0.97,0.0,0.0,0.0,99.03,0.0,0.0,0.0,0.0,1.0,0.0,0.0,0.0,99.0,0.0,0.0,0.0,0.0
2020-03-31,FND2652,SUPERLIFE AGE STEPS - AGE 20,SUPERLIFE KIWISAVER SCHEME,0.50,1129450.0,382,2013-09-15,-11.5,,0.63,,,,,,,,,,,,4.11,1.32,1.97,25.72,61.66,5.22,0.0,0.0,0.0,1.0,1.0,3.0,24.0,64.0,7.0,0.0,0.0,0.0
2020-03-31,FND2653,SUPERLIFE AGE STEPS - AGE 30,SUPERLIFE KIWISAVER SCHEME,0.49,3801865.0,293,2013-09-15,-9.23,,0.62,,,,,,,,,,,,3.86,6.7,12.57,21.24,51.29,4.34,0.0,0.0,0.0,1.0,7.0,13.0,20.0,53.0,6.0,0.0,0.0,0.0
2020-03-31,FND2654,SUPERLIFE AGE STEPS - AGE 40,SUPERLIFE KIWISAVER SCHEME,0.49,8556196.0,339,2013-09-15,-9.23,,0.62,,,,,,,,,,,,3.86,6.7,12.57,21.24,51.29,4.34,0.0,0.0,0.0,1.0,7.0,13.0,20.0,53.0,6.0,0.0,0.0,0.0
2020-03-31,FND2655,SUPERLIFE AGE STEPS - AGE 50,SUPERLIFE KIWISAVER SCHEME,0.49,12581057.0,324,2013-09-15,-8.53,,0.61,,,,,,,,,,,,3.76,8.42,16.32,19.87,47.6,4.03,0.0,0.0,0.0,1.0,9.0,16.0,19.0,49.0,6.0,0.0,0.0,0.0
2020-03-31,FND2656,SUPERLIFE AGE STEPS - AGE 60,SUPERLIFE KIWISAVER SCHEME,0.48,12341794.0,264,2013-09-15,-6.1,,0.6,,,,,,,,,,,,15.51,10.15,19.31,15.28,36.65,3.1,0.0,0.0,0.0,13.0,10.0,20.0,15.0,38.0,4.0,0.0,0.0,0.0
2020-03-31,FND2657,SUPERLIFE AGE STEPS - AGE 70,SUPERLIFE KIWISAVER SCHEME,0.47,1390142.0,44,2013-09-15,-3.7,,0.58,,,,,,,,,,,,22.47,13.57,25.61,10.56,25.62,2.17,0.0,0.0,0.0,21.0,14.0,26.0,10.0,26.0,3.0,0.0,0.0,0.0
2020-03-31,FND2658,SUPERLIFE AGE STEPS - AGE 80,SUPERLIFE KIWISAVER SCHEME,0.46,0.0,0,2013-09-15,0.32,,0.56,,,,,,,,,,,,31.74,20.51,38.24,2.54,6.43,0.54,0.0,0.0,0.0,31.0,20.0,38.0,3.0,7.0,1.0,0.0,0.0,0.0
2020-03-31,FND2871,LIFESTAGES INCOME FUND,LIFESTAGES KIWISAVER SCHEME,0.54,97214409.83,7693,2015-10-14,2.0,,0.93,,,,,,,,,,,,18.06,24.1,57.84,,,,,,,15.0,25.0,60.0,,,,,,
2020-03-31,FND2926,LIFESTAGES HIGH GROWTH FUND,LIFESTAGES KIWISAVER SCHEME,0.78,139520276.48,11807,2015-10-14,-8.29,,1.16,,,,,,,,,,,,4.13,,,25.95,58.42,6.63,,4.87,,2.0,,,28.0,58.0,7.0,,5.0,
2020-03-31,FND2928,LIFESTAGES AUTO OPTION AGE 0 - 34,LIFESTAGES KIWISAVER SCHEME,0.78,17154427.13,2290,2015-10-14,-8.29,,1.16,,,,,,,,,,,,4.13,,,25.95,58.42,6.63,,4.87,,2.0,,,28.0,58.0,7.0,,5.0,
2020-03-31,FND2929,LIFESTAGES AUTO OPTION AGE 35 - 44,LIFESTAGES KIWISAVER SCHEME,0.74,17515748.33,1055,2015-10-14,-6.0,,1.11,,,,,,,,,,,,6.92,4.82,11.56,20.76,46.74,5.3,,3.9,,4.6,5.0,12.0,22.4,46.4,5.6,,4.0,
2020-03-31,FND2930,LIFESTAGES AUTO OPTION AGE 45 - 54,LIFESTAGES KIWISAVER SCHEME,0.69,19836523.75,934,2015-10-14,-3.9,,1.07,,,,,,,,,,,,9.72,9.64,23.14,15.56,35.04,3.98,,2.92,,7.2,10.0,24.0,16.8,34.8,4.2,0.0,3.0,0.0
2020-03-31,FND2931,LIFESTAGES AUTO OPTION AGE 55 - 64,LIFESTAGES KIWISAVER SCHEME,0.64,15935551.24,642,2015-10-14,-1.87,,1.02,,,,,,,,,,,,12.47,14.46,34.7,10.39,23.38,2.65,,1.95,,9.8,15.0,36.0,11.2,23.2,2.8,,2.0,
2020-03-31,FND2938,LIFESTAGES CAPITAL STABLE PORTFOLIO,LIFESTAGES KIWISAVER SCHEME,0.75,131861032.93,7475,2007-09-30,-0.83,,1.77,,,,,,,,,,,,64.75,,14.96,7.96,12.33,,,,,60.0,,15.0,10.0,15.0,,,,
2020-03-31,FND3138,AMANAH GROWTH FUND,AMANAH KIWISAVER PLAN,1.62,20847898.76,1291,2014-03-24,23.65,,2.07,,,,,,,,,,,,68.32,0.0,0.0,0.0,31.68,0.0,0.0,0.0,0.0,12.5,0.0,0.0,0.0,87.5,0.0,0.0,0.0,0.0
2020-03-31,FND32,CASH FUND,NEW ZEALAND DEFENCE FORCE KIWISAVER SCHEME,0.32,3890942.17,248,2015-10-09,0.94,,0.57,,,,,,,,,,,,100.0,0.0,0.0,0.0,0.0,0.0,0.0,0.0,0.0,100.0,0.0,0.0,0.0,0.0,0.0,0.0,0.0,0.0
2020-03-31,FND33,CONSERVATIVE FUND,NEW ZEALAND DEFENCE FORCE KIWISAVER SCHEME,0.50,7186166.62,416,2015-10-09,0.47,,0.78,,,,,,,,,,,,32.5,15.0,34.09,3.76,10.5,0.68,1.05,1.97,0.45,30.0,15.0,35.0,5.0,11.0,0.88,0.87,1.75,0.5
2020-03-31,FND339,CASH FUND,WESTPAC KIWISAVER SCHEME,0.30,587680828.09,46344,2007-10-01,1.19,,0.42,,,,,,,,,,,,100.0,0.0,0.0,0.0,0.0,0.0,0.0,0.0,0.0,100.0,0.0,0.0,0.0,0.0,0.0,0.0,0.0,0.0
2020-03-31,FND34,MODERATE FUND,NEW ZEALAND DEFENCE FORCE KIWISAVER SCHEME,0.59,5542823.97,485,2015-10-09,-0.66,,0.9,,,,,,,,,,,,26.35,13.1,27.11,5.33,15.68,1.94,2.21,7.37,0.91,24.0,13.0,28.0,7.0,16.0,2.0,2.0,7.0,1.0
2020-03-31,FND340,DEFAULT FUND,WESTPAC KIWISAVER SCHEME,0.40,279756136.87,36387,2014-07-02,0.78,,0.51,,,,,,,,,,,,32.87,23.14,24.24,8.05,9.22,2.48,0.0,0.0,0.0,33.0,23.0,24.0,8.0,9.0,3.0,0.0,0.0,0.0
2020-03-31,FND341,CONSERVATIVE FUND,WESTPAC KIWISAVER SCHEME,0.55,2648411652.68,193761,2007-10-01,0.16,,0.7,,,,,,,,,,,,18.76,25.1,31.77,9.21,10.27,3.46,0.0,1.43,0.0,20.0,24.0,31.0,9.0,10.0,4.0,0.0,2.0,0.0
2020-03-31,FND342,MODERATE FUND,WESTPAC KIWISAVER SCHEME,0.60,537546689.15,36140,2014-07-02,-0.88,,0.78,,,,,,,,,,,,8.05,23.77,29.46,13.18,17.29,4.57,0.0,3.68,0.0,10.0,22.0,28.0,13.0,17.0,5.0,0.0,5.0,0.0
2020-03-31,FND343,BALANCED FUND,WESTPAC KIWISAVER SCHEME,0.65,1445599992.73,94852,2007-10-01,-2.34,,0.84,,,,,,,,,,,,3.48,15.39,21.77,20.23,29.47,4.45,0.0,5.21,0.0,5.0,15.0,20.0,20.0,29.0,5.0,0.0,6.0,0.0
2020-03-31,FND344,GROWTH FUND,WESTPAC KIWISAVER SCHEME,0.70,1283756459.13,97995,2007-10-01,-4.3,,0.91,,,,,,,,,,,,2.6,8.01,9.67,25.18,37.47,9.34,0.0,7.73,0.0,4.0,7.0,9.0,25.0,37.0,10.0,0.0,8.0,0.0
2020-03-31,FND35,BALANCED FUND,NEW ZEALAND DEFENCE FORCE KIWISAVER SCHEME,0.68,55827111.99,3005,2015-10-09,-3.06,,1.0,,,,,,,,,,,,12.91,9.96,24.13,8.22,28.15,2.69,3.18,9.26,1.5,10.0,10.0,25.0,10.0,28.5,3.0,3.0,9.0,1.5
2020-03-31,FND36,GROWTH FUND,NEW ZEALAND DEFENCE FORCE KIWISAVER SCHEME,0.77,22967814.86,1594,2015-10-09,-5.21,,1.09,,,,,,,,,,,,6.19,4.82,15.35,10.35,43.72,3.28,3.72,10.53,2.04,4.0,5.0,16.0,12.0,44.0,3.5,3.5,10.0,2.0
2020-03-31,FND37,HIGH GROWTH FUND,NEW ZEALAND DEFENCE FORCE KIWISAVER SCHEME,0.82,22556485.91,1699,2015-10-09,-6.56,,1.14,,,,,,,,,,,,3.77,1.94,5.84,16.17,52.74,3.46,3.69,10.52,1.87,2.0,2.0,6.0,18.0,53.0,3.5,3.5,10.0,2.0
2020-03-31,FND38,SHARES FUND,NEW ZEALAND DEFENCE FORCE KIWISAVER SCHEME,0.90,10382587.05,993,2015-10-09,-7.07,,1.14,,,,,,,,,,,,3.07,0.0,0.0,24.16,72.77,0.0,0.0,0.0,0.0,0.0,0.0,0.0,26.0,74.0,0.0,0.0,0.0,0.0
2020-03-31,FND4451,AMP AGGRESSIVE FUND (LIFESTEPS),AMP KIWISAVER SCHEME,1.12,92912455.72,15446,2007-10-01,-6.81,,1.12,,,,,,,,,,,,5.22,3.04,1.34,24.22,57.18,6.74,0.0,1.07,1.19,5.0,3.0,5.0,24.5,52.75,7.0,0.0,1.38,1.38
2020-03-31,FND4452,AMP BALANCED FUND (LIFESTEPS),AMP KIWISAVER SCHEME,1.02,308270083.95,10693,2007-10-01,-3.31,,1.06,,,,,,,,,,,,12.79,15.84,15.86,15.15,35.09,3.6,0.0,0.79,0.88,10.0,15.0,18.0,16.0,35.0,4.0,0.0,1.0,1.0
2020-03-31,FND4453,AMP CONSERVATIVE FUND (LIFESTEPS),AMP KIWISAVER SCHEME,0.87,139756185.59,3764,2007-10-01,-0.25,,0.96,,,,,,,,,,,,26.58,26.31,24.51,5.38,13.92,2.18,0.0,0.53,0.59,23.0,25.0,28.0,6.0,14.25,2.5,0.0,0.63,0.63
2020-03-31,FND4454,AMP GROWTH FUND (LIFESTEPS),AMP KIWISAVER SCHEME,1.03,195673749.32,11417,2007-10-01,-5.59,,1.05,,,,,,,,,,,,8.05,6.47,6.73,22.65,49.13,4.98,0.0,0.94,1.05,6.0,7.0,10.0,23.0,46.5,5.0,0.0,1.25,1.25
2020-03-31,FND4455,AMP MODERATE BALANCED FUND (LIFESTEPS),AMP KIWISAVER SCHEME,1.02,469223825.27,12921,2007-10-01,-2.47,,1.08,,,,,,,,,,,,17.17,19.22,18.15,13.53,27.19,3.3,0.0,0.68,0.76,14.0,18.0,21.0,14.5,27.25,3.5,0.0,0.88,0.88
2020-03-31,FND4456,AMP MODERATE FUND (LIFESTEPS),AMP KIWISAVER SCHEME,0.97,378562935.5,9376,2007-10-01,-1.37,,1.05,,,,,,,,,,,,21.16,22.57,21.56,9.75,21.09,2.48,0.0,0.66,0.73,18.0,21.0,24.0,11.0,21.5,3.0,0.0,0.75,0.75
2020-03-31,FND480,QUAYSTREET FIXED INTEREST FUND,QUAYSTREET KIWISAVER SCHEME,0.66,3553501.0,118,2009-11-10,1.77,,0.78,,,,,,,,,,,,21.67,59.68,18.65,0.0,0.0,0.0,0.0,0.0,0.0,0.0,100.0,0.0,0.0,0.0,0.0,0.0,0.0,0.0
2020-03-31,FND514,BNZ KIWISAVER CASH FUND,BNZ KIWISAVER SCHEME,0.30,252123566.38,18773,2013-02-11,1.34,,0.3,,,,,,,,,,,,100.0,0.0,0.0,0.0,0.0,0.0,0.0,0.0,0.0,100.0,0.0,0.0,0.0,0.0,0.0,0.0,0.0,0.0
2020-03-31,FND516,BNZ KIWISAVER CONSERVATIVE FUND,BNZ KIWISAVER SCHEME,0.58,800996415.39,69486,2013-02-11,1.77,,0.58,,,,,,,,,,,,39.6,9.32,32.76,4.26,14.06,0.0,0.0,0.0,0.0,35.0,11.0,34.0,6.0,14.0,0.0,0.0,0.0,0.0
2020-03-31,FND517,BNZ KIWISAVER MODERATE FUND,BNZ KIWISAVER SCHEME,0.90,513126941.95,32491,2013-02-11,1.45,,0.9,,,,,,,,,,,,12.97,12.04,39.94,10.2,24.85,0.0,0.0,0.0,0.0,10.0,14.0,41.0,11.0,24.0,0.0,0.0,0.0,0.0
2020-03-31,FND518,BNZ KIWISAVER BALANCED FUND,BNZ KIWISAVER SCHEME,1.00,439940420.57,28326,2013-02-11,0.83,,1.0,,,,,,,,,,,,8.38,9.57,31.5,14.81,35.74,0.0,0.0,0.0,0.0,5.0,11.0,34.0,16.0,34.0,0.0,0.0,0.0,0.0
2020-03-31,FND519,BNZ KIWISAVER GROWTH FUND,BNZ KIWISAVER SCHEME,1.10,579992102.5,42211,2013-02-11,0.11,,1.1,,,,,,,,,,,,8.55,4.55,17.51,22.47,46.92,0.0,0.0,0.0,0.0,5.0,6.0,19.0,24.0,46.0,0.0,0.0,0.0,0.0
2020-03-31,FND520,BNZ KIWISAVER FIRST HOME BUYER FUND,BNZ KIWISAVER SCHEME,0.50,176807396.46,16541,2015-09-15,1.4,,0.5,,,,,,,,,,,,65.47,3.96,16.71,3.09,10.77,0.0,0.0,0.0,0.0,60.0,6.0,19.0,5.0,10.0,0.0,0.0,0.0,0.0
2020-03-31,FND528,NZ CASH FUND,ASB KIWISAVER SCHEME,0.34,813331198.4,47941,2007-10-02,1.08,,0.34,,,,,,,,,,,,100.0,0.0,0.0,0.0,0.0,0.0,0.0,0.0,0.0,100.0,0.0,0.0,0.0,0.0,0.0,0.0,0.0,0.0
2020-03-31,FND529,CONSERVATIVE FUND,ASB KIWISAVER SCHEME,0.39,3943996888.0,233279,2007-10-02,0.98,,0.39,,,,,,,,,,,,17.65,22.76,40.61,14.77,4.21,0.0,0.0,0.0,0.0,15.0,22.0,43.0,9.0,11.0,0.0,0.0,0.0,0.0
2020-03-31,FND530,MODERATE FUND,ASB KIWISAVER SCHEME,0.58,1760970238.0,86189,2007-10-02,-1.79,,0.58,,,,,,,,,,,,8.09,27.62,23.93,28.38,7.95,4.03,0.0,0.0,0.0,9.0,21.0,30.0,19.0,19.0,2.0,0.0,0.0,0.0
2020-03-31,FND531,BALANCED FUND,ASB KIWISAVER SCHEME,0.62,1751081306.0,79609,2007-10-02,-3.18,,0.62,,,,,,,,,,,,2.54,10.32,26.67,30.46,29.01,1.0,0.0,0.0,0.0,4.0,15.0,21.0,29.0,26.0,5.0,0.0,0.0,0.0
2020-03-31,FND532,GROWTH FUND,ASB KIWISAVER SCHEME,0.67,2520585427.0,138036,2007-10-02,-6.17,,0.67,,,,,,,,,,,,0.09,10.68,8.3,33.83,42.55,4.55,0.0,0.0,0.0,1.0,6.5,12.5,40.0,32.5,7.5,0.0,0.0,0.0
2020-03-31,FND550,CASH,KIWI WEALTH KIWISAVER SCHEME,0.54,315301966.0,22175,2012-09-12,1.43,,0.55,,,,,,,,,,,,100.0,0.0,0.0,0.0,0.0,0.0,0.0,0.0,0.0,100.0,0.0,0.0,0.0,0.0,0.0,0.0,0.0,0.0
2020-03-31,FND551,CASHPLUS,KIWI WEALTH KIWISAVER SCHEME,0.74,122370056.0,10988,2012-06-01,1.88,,0.75,,,,,,,,,,,,64.58,15.76,19.66,0.0,0.0,0.0,0.0,0.0,0.0,75.0,25.0,,,,,,,
2020-03-31,FND552,CONSERVATIVE,KIWI WEALTH KIWISAVER SCHEME,0.86,815187677.0,52285,2007-10-01,-0.02,,0.9,,,,,,,,,,,,9.48,26.32,32.83,0.21,28.63,0.85,0.0,1.68,0.0,35.0,35.0,0.0,0.0,30.0,0.0,0.0,0.0,0.0
2020-03-31,FND553,DEFAULT,KIWI WEALTH KIWISAVER SCHEME,0.69,265624169.0,33887,2014-07-01,1.24,,0.73,,,,,,,,,,,,38.43,18.83,23.48,0.32,18.58,0.36,0.0,0.0,0.0,50.0,30.0,,,20.0,,,,
2020-03-31,FND554,BALANCED,KIWI WEALTH KIWISAVER SCHEME,0.97,1587407340.0,75581,2007-10-01,-1.57,,1.05,,,,,,,,,,,,6.85,15.78,19.68,0.38,52.37,1.56,0.0,3.38,0.0,22.5,22.5,,,55.0,,,,
2020-03-31,FND555,GROWTH,KIWI WEALTH KIWISAVER SCHEME,1.02,1384103137.0,62109,2007-10-01,-3.47,,1.13,,,,,,,,,,,,4.16,5.34,6.66,0.56,76.07,2.27,0.0,4.94,0.0,10.0,10.0,,,80.0,,,,
2020-03-31,FND605,CPP FUND NO. 3,WESTPAC KIWISAVER SCHEME,0.64,13769300.3,2328,2010-10-07,-5.03,,1.59,,,,,,,,,,,,0.95,0.0,0.0,39.64,59.41,0.0,0.0,0.0,0.0,0.0,0.0,0.0,40.0,60.0,0.0,0.0,0.0,0.0
2020-03-31,FND606,CPP FUND NO. 4,WESTPAC KIWISAVER SCHEME,0.64,19804419.48,3110,2011-10-03,-5.02,,1.59,,,,,,,,,,,,0.9,0.0,0.0,39.69,59.41,0.0,0.0,0.0,0.0,0.0,0.0,0.0,40.0,60.0,0.0,0.0,0.0,0.0
2020-03-31,FND607,CPP FUND NO. 5,WESTPAC KIWISAVER SCHEME,0.64,16132154.36,3365,2012-10-03,-5.01,,1.59,,,,,,,,,,,,0.82,0.0,0.0,39.9,59.28,0.0,0.0,0.0,0.0,0.0,0.0,0.0,40.0,60.0,0.0,0.0,0.0,0.0
2020-03-31,FND608,AMP AUSTRALASIAN SHARES FUND,AMP KIWISAVER SCHEME,1.02,3655955.87,389,2016-07-28,-6.63,,1.15,,,,,,,,,,,,2.57,0.0,0.0,97.43,0.0,0.0,0.0,0.0,0.0,0.0,0.0,0.0,100.0,0.0,0.0,0.0,0.0,0.0
2020-03-31,FND609,AMP GLOBAL MULTI-ASSET FUND,AMP KIWISAVER SCHEME,1.42,12096394.88,383,2016-07-28,-5.37,,1.62,,,,,,,,,,,,30.71,0.0,27.08,8.64,19.47,0.0,0.0,14.1,0.0,5.0,0.0,0.0,0.0,0.0,0.0,0.0,95.0,0.0
2020-03-31,FND610,AMP INCOME GENERATOR FUND,AMP KIWISAVER SCHEME,0.97,4173826.06,169,2016-07-28,-4.37,,1.13,,,,,,,,,,,,3.79,22.0,26.09,31.31,8.98,7.83,0.0,0.0,0.0,10.0,25.0,25.0,30.0,5.0,5.0,0.0,0.0,0.0
2020-03-31,FND611,AMP INTERNATIONAL FIXED INTEREST FUND,AMP KIWISAVER SCHEME,0.82,1197217.32,88,2016-07-28,3.5,,0.96,,,,,,,,,,,,0.7,0.13,99.17,0.0,0.0,0.0,0.0,0.0,0.0,0.0,0.0,100.0,0.0,0.0,0.0,0.0,0.0,0.0
2020-03-31,FND612,AMP INTERNATIONAL SHARES FUND,AMP KIWISAVER SCHEME,1.02,3632354.1,374,2016-07-28,-6.62,,0.88,,,,,,,,,,,,4.12,0.0,0.0,1.67,94.21,0.0,0.0,0.0,0.0,0.0,0.0,0.0,0.0,100.0,0.0,0.0,0.0,0.0
2020-03-31,FND613,AMP NEW ZEALAND FIXED INTEREST FUND,AMP KIWISAVER SCHEME,0.72,4309559.31,169,2016-07-28,2.83,,0.82,,,,,,,,,,,,3.04,82.98,13.98,0.0,0.0,0.0,0.0,0.0,0.0,0.0,100.0,0.0,0.0,0.0,0.0,0.0,0.0,0.0
2020-03-31,FND614,AMP PASSIVE INTERNATIONAL SHARES FUND,AMP KIWISAVER SCHEME,0.72,4183760.43,312,2016-07-28,-3.46,,0.93,,,,,,,,,,,,3.5,0.0,0.0,2.0,94.5,0.0,0.0,0.0,0.0,0.0,0.0,0.0,0.0,100.0,0.0,0.0,0.0,0.0
2020-03-31,FND615,AMP PROPERTY FUND,AMP KIWISAVER SCHEME,1.02,5024253.6,458,2016-07-28,-14.33,,1.2,,,,,,,,,,,,3.72,0.0,0.0,0.0,0.0,96.28,0.0,0.0,0.0,0.0,0.0,0.0,0.0,0.0,100.0,0.0,0.0,0.0
2020-03-31,FND616,AMP RESPONSIBLE INVESTMENT BALANCED FUND,AMP KIWISAVER SCHEME,1.07,11771892.02,612,2016-07-28,-4.89,,1.36,,,,,,,,,,,,14.53,14.0,12.63,16.12,33.54,9.18,0.0,0.0,0.0,10.0,12.5,12.5,20.0,35.0,10.0,0.0,0.0,0.0
2020-03-31,FND617,ANZ CONSERVATIVE FUND,AMP KIWISAVER SCHEME,0.97,14832801.82,498,2016-07-28,1.97,,1.06,,,,,,,,,,,,23.12,17.57,40.19,4.03,12.78,2.31,0.0,0.0,0.0,20.0,18.0,42.0,4.5,13.25,2.25,0.0,0.0,0.0
2020-03-31,FND618,ANZ GROWTH FUND,AMP KIWISAVER SCHEME,1.17,19583775.57,1691,2016-07-28,-5.33,,1.27,,,,,,,,,,,,10.88,4.18,7.02,16.89,52.19,8.84,0.0,0.0,0.0,4.0,5.0,11.0,18.0,53.0,9.0,0.0,0.0,0.0
2020-03-31,FND619,ASB BALANCED FUND,AMP KIWISAVER SCHEME,0.97,23063162.54,1298,2016-07-28,-3.0,,1.1,,,,,,,,,,,,2.46,10.29,26.68,30.52,28.97,1.08,0.0,0.0,0.0,4.0,15.0,21.0,29.0,26.0,5.0,0.0,0.0,0.0
2020-03-31,FND620,ASB GROWTH FUND,AMP KIWISAVER SCHEME,1.02,18677044.06,1634,2016-07-28,-5.59,,1.15,,,,,,,,,,,,0.12,10.92,8.28,33.69,42.48,4.51,0.0,0.0,0.0,1.0,6.5,12.5,40.0,32.5,7.5,0.0,0.0,0.0
2020-03-31,FND621,ASB MODERATE FUND,AMP KIWISAVER SCHEME,0.92,14788777.53,638,2016-07-28,-1.98,,1.04,,,,,,,,,,,,8.61,27.29,23.82,28.24,7.97,4.07,0.0,0.0,0.0,9.0,21.0,30.0,19.0,19.0,2.0,0.0,0.0,0.0
2020-03-31,FND622,NIKKO AM CONSERVATIVE FUND,AMP KIWISAVER SCHEME,0.98,24145360.04,978,2016-07-28,-1.16,,1.17,,,,,,,,,,,,15.84,36.1,15.39,7.12,12.13,4.26,0.0,9.16,0.0,15.0,35.0,15.0,7.5,12.5,5.0,0.0,10.0,0.0
2020-03-31,FND623,NIKKO AM GROWTH FUND,AMP KIWISAVER SCHEME,1.17,16111846.2,1339,2016-07-28,-5.49,,1.36,,,,,,,,,,,,0.0,5.99,5.52,35.29,39.98,0.0,0.0,13.22,0.0,0.0,5.0,5.0,35.0,40.0,0.0,0.0,15.0,0.0
2020-03-31,FND695,CONSERVATIVE FUND,SIMPLICITY KIWISAVER SCHEME,0.30,129736706.77,3374,2016-09-01,2.36,,0.31,,,,,,,,,,,,0.77,37.74,38.89,9.81,12.79,0.0,0.0,0.0,0.0,2.0,36.0,40.0,9.5,12.5,0.0,0.0,0.0,0.0
2020-03-31,FND696,BALANCED FUND,SIMPLICITY KIWISAVER SCHEME,0.30,179808509.14,5806,2016-09-01,-0.48,,0.31,,,,,,,,,,,,1.52,16.26,25.13,21.09,36.0,0.0,0.0,0.0,0.0,2.0,16.5,25.5,21.0,35.0,0.0,0.0,0.0,0.0
2020-03-31,FND697,GROWTH FUND,SIMPLICITY KIWISAVER SCHEME,0.30,665708471.15,23668,2016-09-01,-2.59,,0.31,,,,,,,,,,,,4.08,6.97,11.58,29.07,48.3,0.0,0.0,0.0,0.0,2.0,7.5,12.5,29.5,48.5,0.0,0.0,0.0,0.0
2020-03-31,FND7229,GUARANTEED INCOME FUND,SIMPLICITY KIWISAVER SCHEME,0.30,9823539.93,95,2017-10-24,-1.65,,1.61,,,,,,,,,,,,2.26,15.89,25.11,21.07,35.67,0.0,0.0,0.0,0.0,2.0,16.5,25.5,21.0,35.0,0.0,0.0,0.0,0.0
2020-03-31,FND7292,ASSET CLASS BALANCED FUND,BOOSTER KIWISAVER SCHEME,1.22,15264692.62,613,2017-09-29,-7.66,,1.22,,,,,,,,,,,,1.34,,37.25,10.59,45.62,5.2,,,,1.0,,39.0,11.0,44.0,5.0,,,
2020-03-31,FND747,MILFORD KIWISAVER CONSERVATIVE FUND,MILFORD KIWISAVER PLAN,0.91,217426589.58,4895,2012-10-01,0.99,,0.95,,,,,,,,,,,,34.25,24.47,34.37,1.59,3.79,1.53,0.0,0.0,0.0,6.0,35.0,41.0,6.0,8.0,4.0,0.0,0.0,0.0
2020-03-31,FND748,MILFORD KIWISAVER BALANCED FUND,MILFORD KIWISAVER PLAN,1.04,356690278.94,9090,2010-04-01,-0.86,,1.28,,,,,,,,,,,,36.35,7.32,15.61,12.65,23.53,4.54,0.0,0.0,0.0,8.0,8.0,23.0,29.0,26.0,6.0,0.0,0.0,0.0
2020-03-31,FND750,MILFORD KIWISAVER ACTIVE GROWTH FUND,MILFORD KIWISAVER PLAN,1.04,1369412973.5,28084,2010-04-01,-2.76,,1.06,,,,,,,,,,,,27.81,1.88,14.01,27.05,23.95,5.3,0.0,0.0,0.0,6.0,4.0,12.0,46.0,32.0,0.0,0.0,0.0,0.0
2020-03-31,FND7909,GLIDEPATH AGE 30,FISHER FUNDS KIWISAVER SCHEME,0.95,1383652.59,112,2017-10-31,-1.02,,1.41,,,,,,,,,,,,11.6,11.77,5.07,29.34,36.26,0.58,5.38,0.0,0.0,5.0,6.0,9.0,29.0,42.0,4.5,4.5,0.0,0.0
2020-03-31,FND7910,GLIDEPATH AGE 50,FISHER FUNDS KIWISAVER SCHEME,0.94,2224183.39,113,2017-10-31,-0.66,,1.35,,,,,,,,,,,,12.23,14.85,8.07,26.14,32.78,0.58,5.35,0.0,0.0,7.0,8.0,12.0,26.0,38.0,4.5,4.5,0.0,0.0
2020-03-31,FND7911,GLIDEPATH AGE 60,FISHER FUNDS KIWISAVER SCHEME,0.89,2788034.26,76,2017-10-31,0.33,,1.14,,,,,,,,,,,,14.24,24.29,17.28,16.31,22.07,0.56,5.25,0.0,0.0,13.0,13.0,24.0,15.0,25.0,5.0,5.0,0.0,0.0
2020-03-31,FND7912,GLIDEPATH AGE 75,FISHER FUNDS KIWISAVER SCHEME,0.86,245936.7,3,2017-10-31,1.0,,0.99,,,,,,,,,,,,15.83,31.76,24.56,8.53,13.6,0.55,5.17,0.0,0.0,18.0,17.0,33.0,7.0,15.0,5.0,5.0,0.0,0.0
2020-03-31,FND821,QUAYSTREET ALTUM FUND,QUAYSTREET KIWISAVER SCHEME,1.15,3130677.0,238,2014-10-06,-1.94,,1.29,,,,,,,,,,,,45.73,0.0,0.0,49.96,4.31,0.0,0.0,0.0,0.0,0.0,0.0,0.0,100.0,0.0,0.0,0.0,0.0,0.0
2020-03-31,FND822,QUAYSTREET AUSTRALIAN EQUITY FUND,QUAYSTREET KIWISAVER SCHEME,1.14,1164057.0,150,2011-04-05,-14.91,,1.29,,,,,,,,,,,,22.78,0.0,0.0,75.69,0.0,1.53,0.0,0.0,0.0,0.0,0.0,0.0,100.0,0.0,0.0,0.0,0.0,0.0
2020-03-31,FND823,QUAYSTREET BALANCED FUND,QUAYSTREET KIWISAVER SCHEME,0.92,56086711.0,1785,2007-10-23,0.54,,1.03,,,,,,,,,,,,26.35,17.59,6.91,14.53,34.44,0.18,0.0,0.0,0.0,10.0,30.0,0.0,20.0,40.0,0.0,0.0,0.0,0.0
2020-03-31,FND824,QUAYSTREET SOCIALLY RESPONSIBLE INVESTMENT FUND,QUAYSTREET KIWISAVER SCHEME,0.88,9314279.0,415,2007-11-12,0.83,,1.04,,,,,,,,,,,,17.44,22.81,4.0,14.56,40.95,0.24,0.0,0.0,0.0,10.0,30.0,0.0,20.0,40.0,0.0,0.0,0.0,0.0
2020-03-31,FND825,QUAYSTREET CONSERVATIVE FUND,QUAYSTREET KIWISAVER SCHEME,0.65,14742841.0,533,2007-10-23,1.07,,0.78,,,,,,,,,,,,29.54,39.21,14.91,7.44,8.69,0.21,0.0,0.0,0.0,20.0,60.0,0.0,10.0,10.0,0.0,0.0,0.0,0.0
2020-03-31,FND826,QUAYSTREET GROWTH FUND,QUAYSTREET KIWISAVER SCHEME,1.18,76250861.0,3177,2007-10-23,0.48,,1.28,,,,,,,,,,,,24.38,8.08,3.92,16.85,46.59,0.18,0.0,0.0,0.0,5.0,15.0,0.0,25.0,55.0,0.0,0.0,0.0,0.0
2020-03-31,FND827,QUAYSTREET INCOME FUND,QUAYSTREET KIWISAVER SCHEME,0.66,1307083.0,54,2015-03-10,-0.04,,0.78,,,,,,,,,,,,19.01,37.96,39.82,1.75,0.0,1.46,0.0,0.0,0.0,10.0,70.0,0.0,10.0,0.0,10.0,0.0,0.0,0.0
2020-03-31,FND828,QUAYSTREET INTERNATIONAL EQUITY FUND,QUAYSTREET KIWISAVER SCHEME,1.17,10250785.0,544,2009-11-16,3.17,,1.28,,,,,,,,,,,,18.53,0.0,0.0,0.0,81.47,0.0,0.0,0.0,0.0,0.0,0.0,0.0,0.0,100.0,0.0,0.0,0.0,0.0
2020-03-31,FND829,QUAYSTREET NEW ZEALAND EQUITY FUND,QUAYSTREET KIWISAVER SCHEME,1.15,11603417.0,637,2011-04-05,1.58,,1.29,,,,,,,,,,,,19.21,0.0,0.0,80.79,0.0,0.0,0.0,0.0,0.0,0.0,0.0,0.0,100.0,0.0,0.0,0.0,0.0,0.0
2020-03-31,FND9383,CONSERVATIVE FUND,NIKKO AM KIWISAVER SCHEME,0.61,263096.0,6,2018-04-03,-0.32,,0.72,,,,,,,,,,,,16.21,35.94,15.32,7.09,12.07,4.25,0.0,9.12,0.0,15.0,35.0,15.0,7.5,12.5,5.0,0.0,10.0,0.0
2020-03-31,FND9384,BALANCED FUND,NIKKO AM KIWISAVER SCHEME,0.72,890442.0,15,2018-04-03,-3.42,,0.94,,,,,,,,,,,,0.1,20.23,11.12,20.62,25.22,4.4,0.0,18.31,0.0,0.0,18.0,10.0,21.0,26.0,5.0,0.0,20.0,0.0
2020-03-31,FND9385,GROWTH FUND,NIKKO AM KIWISAVER SCHEME,0.97,2862626.0,33,2018-04-03,-4.1,,1.08,,,,,,,,,,,,0.45,5.58,5.51,35.28,39.97,0.0,0.0,13.21,0.0,0.0,5.0,5.0,35.0,40.0,0.0,0.0,15.0,0.0
2020-03-31,FND9386,NZ CASH FUND,NIKKO AM KIWISAVER SCHEME,0.46,1122864.0,14,2018-04-03,1.29,,0.46,,,,,,,,,,,,67.69,32.31,0.0,0.0,0.0,0.0,0.0,0.0,0.0,100.0,0.0,0.0,0.0,0.0,0.0,0.0,0.0,0.0
2020-03-31,FND9387,NZ CORPORATE BOND FUND,NIKKO AM KIWISAVER SCHEME,0.82,73574.0,5,2018-04-03,2.62,,0.82,,,,,,,,,,,,3.83,96.17,0.0,0.0,0.0,0.0,0.0,0.0,0.0,0.0,100.0,0.0,0.0,0.0,0.0,0.0,0.0,0.0
2020-03-31,FND9388,CORE EQUITY FUND,NIKKO AM KIWISAVER SCHEME,0.97,718006.0,26,2018-04-03,-2.44,,0.97,,,,,,,,,,,,3.58,0.0,0.0,93.38,0.0,3.04,0.0,0.0,0.0,0.0,0.0,0.0,100.0,0.0,0.0,0.0,0.0,0.0
2020-03-31,FND9389,GLOBAL SHARES FUND,NIKKO AM KIWISAVER SCHEME,1.17,878424.0,23,2018-04-03,6.31,,1.17,,,,,,,,,,,,5.77,0.0,0.0,0.0,92.1,2.13,0.0,0.0,0.0,0.0,0.0,0.0,0.0,100.0,0.0,0.0,0.0,0.0
2020-03-31,FND9390,OPTION FUND,NIKKO AM KIWISAVER SCHEME,1.17,506540.0,13,2018-04-03,-29.16,,1.17,,,,,,,,,,,,47.35,44.41,27.84,0.0,0.0,0.0,0.0,0.0,0.0,100.0,100.0,100.0,0.0,0.0,0.0,0.0,0.0,0.0
2020-03-31,FND9436,LIFESTAGES AUTO OPTION AGE 65+,LIFESTAGES KIWISAVER SCHEME,0.60,3519431.66,114,2015-10-14,-0.39,,0.98,,,,,,,,,,,,14.59,18.08,43.38,6.49,14.58,1.66,,1.22,,11.75,18.75,45.0,7.0,14.5,1.75,,1.25,
2020-03-31,FND990,SUMMER AUSTRALIAN EQUITIES,SUMMER KIWISAVER SCHEME,0.90,6528050.7,808,2016-09-19,-17.01,,0.9,,,,,,,,,,,,10.81,0.0,0.0,85.85,0.0,3.33,0.0,0.0,0.0,5.0,0.0,0.0,85.0,0.0,10.0,0.0,0.0,0.0
2020-03-31,FND996,ANZ CASH FUND,AON KIWISAVER SCHEME,0.65,7420167.96,336,2007-09-30,0.93,,0.77,,,,,,,,,,,,100.0,,,,,,,,,100.0,,,,,,,,
